sample_id,E_T,S,O,AAV,rho,NBI,ln_D
s1,9.627351630837904,0.0,0.4583333333333333,19.643417918799607,2.4151928450639395,0.6723102963879648,-15.755912113046147
s2,7.942391979192743,0.06372549019607843,0.44607843137254904,14.683504906748924,2.4321412527232416,0.5346580857487601,-16.76053957577113
s3,7.1905866361371,0.5110132158590308,0.0,23.491188618073636,2.0094176390730554,0.41858974483053857,-14.695191396785987
s4,7.801448301236565,0.504950495049505,0.0,22.30884821351325,2.1288118859529965,0.45996031796088294,-14.824906409440976
s5,8.469161610331188,0.0,0.5515695067264574,12.049710598220024,2.260671135463873,0.6033403140607865,-16.61617250197141
s6,7.909389765119206,0.0,0.367003367003367,25.551425798391406,2.49990534969722,0.6440957834803124,-14.349206197546161
s7,8.0692405213746,0.0,0.453551912568306,13.658071748103355,3.1353062291862637,0.6798411618452249,-16.503086890381628
s8,6.51438049288622,0.5530973451327433,0.004424778761061947,23.91409270188028,2.0348644263777587,0.3549283238703955,-14.588913920328613
s9,7.069246192646957,0.0,0.60546875,14.6232388446649,2.4481975965981113,0.6193025660346275,-16.017037557408223
s10,7.182828748758404,0.0,0.5575221238938053,13.391027682504252,2.4718965170118077,0.6086449278749605,-16.588117866644577
s11,8.281712320055306,0.5211267605633803,0.0,23.40223503869781,2.2128594723193835,0.42188634456345236,-15.063673362411775
s12,8.667136914414131,0.5145631067961165,0.0,22.074697226122822,2.007450295742377,0.39177064702098974,-15.498210898800634
s13,7.633522070371748,0.46875,0.0,24.832499569026897,1.9705584710112947,0.44462796599855625,-14.531482963711055
s14,7.349146862996486,0.54337899543379,0.0,24.066569914789543,2.0003409087508985,0.4144979889684093,-14.651697480634432
s15,8.730252119237013,0.46808510638297873,0.0,21.906261638475762,2.034557338851201,0.39505592884554075,-15.811978797280311
s16,7.663568812540761,0.0,0.5756302521008403,13.86284772250298,2.4388546100836814,0.6644996685327315,-16.193155002158832
s17,7.397981103859396,0.0,0.5833333333333334,14.424743234002838,3.2427040562865965,0.6272954612838071,-16.84922037807049
s18,7.634343129458566,0.5942622950819673,0.0,24.34631622324434,1.9839643839470371,0.4206782253052432,-14.265361830187556
s19,7.9082384942055315,0.28699551569506726,0.2645739910313901,18.776666740010743,2.2126388525711937,0.4516654482748288,-16.067514133853038
s20,7.576517696383075,0.0,0.31683168316831684,21.992230182506944,3.0804153254518627,0.62323561513734,-15.024453484498173
s21,8.53270510116396,0.0,0.4264705882352941,18.18339103188736,3.3535551196986604,0.6346617889147804,-16.358899432754498
s22,8.329116670513413,0.0,0.4791666666666667,12.230599970697183,2.3048334946930074,0.627538131043366,-16.098593606896927
s23,7.493041833870397,0.4780701754385965,0.0,23.351007304132338,2.2843124384766815,0.4674209471168944,-14.256990563905111
s24,10.592199244577964,0.0,0.5333333333333333,13.547584656148526,2.485825054997347,0.6338910914501473,-17.833692996875204
s25,8.578651914394655,0.6086956521739131,0.0,25.209241180318614,2.7257278307960866,0.412542189070537,-14.37292967204356
s26,8.14443802561442,0.5429864253393665,0.0,23.281675799917,1.9970055588374238,0.41351372754333215,-15.07280660180631
s27,8.510120168948882,0.0,0.5217391304347826,14.049175149004956,3.1923898564626625,0.62777933119852,-17.27846250712225
s28,7.189133078527061,0.43119266055045874,0.0,27.482270337881783,2.5597821385877046,0.4337956289652574,-13.978379869808803
s29,8.503410813013494,0.0,0.5283018867924528,11.656867642365096,2.2414794697114684,0.604897259204339,-16.428931683746526
s30,8.142667393573289,0.0,0.5638766519823789,13.884544651612648,2.901841611301404,0.6612620974776338,-16.82966437283499
s31,6.927212409606008,0.4449760765550239,0.0,21.91694753127767,2.136514525480516,0.4355399411962053,-14.207463675360263
s32,8.836093594042303,0.0,0.609375,14.22044457643112,2.3687465397468763,0.6484249303281158,-16.933305324103753
s33,7.781799073840278,0.5446428571428571,0.0,23.124865077131044,2.0966236863774568,0.4228880465369009,-14.744612082763277
s34,8.75247391945513,0.0,0.5714285714285714,13.921704451767411,2.4104141304890914,0.6214121478428668,-17.16094441986192
s35,7.714609048750617,0.17857142857142858,0.2602040816326531,18.41229353050768,2.283156195533974,0.5424741649554253,-14.907813290922618
s36,6.25641499796306,0.3779264214046823,0.0,34.50144951700675,3.2313151666733817,0.4445879806953801,-12.62179431497255
s37,8.317250646523553,0.0,0.4342857142857143,13.1302861877286,2.5928576544141286,0.656342077898471,-16.44088958394727
s38,7.621094284411799,0.5992063492063492,0.0,25.399061749779868,1.9471208257231176,0.4063867008398811,-14.612385587972822
s39,7.863121891718822,0.48186528497409326,0.0,21.99509347817763,2.057018658258049,0.42096750878966266,-15.016226279555987
s40,8.588951308381437,0.0,0.5113122171945701,15.897638238749733,2.700308774510153,0.672134741665712,-16.233970188786056
s41,8.466791260314862,0.5020576131687243,0.0,22.140543482377474,2.223086149609455,0.4894289855819736,-14.773666350374278
s42,6.965545209929878,0.28078817733990147,0.0,26.36233221930859,2.4581314964070113,0.4586263451713556,-14.223114459349283
s43,5.742710398507013,0.352,0.0,25.3023973615195,1.7006634752158178,0.48334985539036923,-12.589845608342173
s44,7.657337843103465,0.0,0.35051546391752575,13.62098224012173,2.5165312057450815,0.6484214233720635,-15.962999949624969
s45,6.929642414952987,0.3469387755102041,0.0,32.06251242680661,2.6251330933756845,0.40201250733778127,-13.487877008876485
s46,7.4079816446784985,0.5327102803738317,0.0,23.419101117443653,2.057533541223055,0.35544119683504916,-15.42057609084416
s47,7.4779164198916375,0.38308457711442784,0.0,22.09280560684358,2.0564804264329384,0.46345165418737055,-14.363074992320104
s48,8.065752072747419,0.38333333333333336,0.2,21.67615493882239,2.7861272402295834,0.49200125819359386,-14.886735192184851
s49,10.146892179226201,0.0,0.27699530516431925,12.469996766272509,2.4048003302644196,0.706708722221397,-16.709620968201843
s50,7.545430289743591,0.5726495726495726,0.0,23.859650562774,2.0614146154364987,0.3914703452925113,-14.700583556594573
s51,7.570978629679006,0.31007751937984496,0.0,20.557578935981176,2.7018818806192777,0.5956300216634869,-14.221248994278127
s52,7.795687486574141,0.3333333333333333,0.0,24.23050103521587,2.334040739665963,0.4908263654880198,-14.455269338758534
s53,9.562441706215767,0.0,0.2962962962962963,13.503028881084576,2.744075109125846,0.7223811534383756,-16.89013290841563
s54,8.280447950103838,0.0,0.6254681647940075,15.172605765563041,3.15015249823734,0.6164607567906548,-17.20944815722343
s55,7.825727923778901,0.0,0.5175438596491229,13.390963729134373,2.2282163351479336,0.5938158010293954,-15.625666807066917
s56,7.118939478946283,0.33649289099526064,0.0,24.931863812357484,2.3937476653210066,0.492863091121545,-13.98744736555374
s57,7.87184986393648,0.5042372881355932,0.0,24.93853520708835,2.6061675816790237,0.4464224408663486,-14.226721854415624
s58,6.730625541378074,0.39171974522292996,0.0,33.034277355456204,2.3063495272619474,0.46512032662008834,-13.128456062247029
s59,7.346597587321452,0.0,0.5128205128205128,13.714503704894481,2.598859942841625,0.5380443411222827,-16.197024854784633
s60,9.160102121533143,0.0,0.42934782608695654,12.944207976941788,2.5710177433025536,0.6775691162084551,-16.72765451482195
s61,9.473309271873642,0.0,0.3242009132420091,15.272031384989074,2.4189084845070963,0.7275795440646229,-16.50980416381348
s62,6.148514364065349,0.35185185185185186,0.0,26.26453308736046,2.357653670677822,0.4219600592609686,-13.80421394955886
s63,9.742882945859217,0.0,0.46236559139784944,13.000462798555322,2.6076147462080357,0.6657123976487128,-17.27933600205615
s64,7.769754107745993,0.5120772946859904,0.0,23.415445854655054,2.0245085525159117,0.42019308408614003,-14.949588123724832
s65,8.9111807659691,0.0,0.40703517587939697,14.720095562596885,2.5516711928544806,0.6241173256740239,-16.239225489812437
s66,7.1192439903302756,0.4134275618374558,0.0,22.641981698155252,2.389631836155332,0.5520479800530659,-13.677373383509172
s67,9.128092259359644,0.0,0.48148148148148145,15.647123396813575,3.39389825684333,0.6429868005904654,-17.411462325920176
s68,8.853260947322894,0.56,0.0,24.248468851252884,2.6930474700384246,0.4243260459048416,-14.877118886172072
s69,7.753079548340686,0.5652173913043478,0.0,20.81608000758587,1.9052054970590735,0.40661516730475333,-14.331869669902717
s70,7.49323280261016,0.4010152284263959,0.0,24.32061905604915,2.2046767312139135,0.405817640140369,-14.952781334373345
s71,8.175332159116204,0.23737373737373738,0.25757575757575757,18.348917209399144,2.187062942770896,0.5411860123817401,-15.701559865088017
s72,8.44220422115419,0.0,0.4708994708994709,13.260839351001927,2.566212904663175,0.6977128319480488,-16.392066794170535
s73,7.424144002640064,0.0,0.6206896551724138,14.46519036508301,2.3091359975705985,0.6083803396453903,-16.561591758528973
s74,8.574295382843832,0.13526570048309178,0.38164251207729466,15.758815344349976,2.139594853314204,0.5327502498069553,-16.16936532813614
s75,8.365063336741047,0.5689655172413793,0.0,23.361489603865095,2.3957296160454864,0.43064072680944027,-14.7692533305889
s76,10.06391557310598,0.41409691629955947,0.0,22.109355193099166,2.637535035859997,0.517487798161594,-15.54181169575925
s77,7.611996221847688,0.6376811594202898,0.0,25.6030761193689,1.9845786635477354,0.42962292301866595,-13.556231325553487
s78,7.070887086618086,0.0,0.47643979057591623,13.605779189215333,3.1218587075260142,0.6629890303353262,-16.131532445300216
s79,6.66164388214787,0.3220338983050847,0.0,19.806998479663037,1.921124240484219,0.5412410036332536,-13.693321238727007
s80,8.617523239859635,0.4318181818181818,0.0,22.154889703410444,2.061035834052003,0.39568183106206845,-15.961038713945534
s81,6.646048985579415,0.40725806451612906,0.0,27.863439532533302,2.2794861239925077,0.4577335297373394,-13.710151023292028
s82,8.281343998915766,0.0,0.4791666666666667,12.994581798301644,2.4922041639361963,0.6811008318027675,-16.185140687374012
s83,6.763183164861317,0.26576576576576577,0.28378378378378377,19.328104088218833,2.1065640078252708,0.5244015279511944,-14.63129145817202
s84,7.178957498760083,0.0,0.4517766497461929,15.666870307090495,2.641588108656985,0.5928273859926466,-15.583444359590429
s85,6.812443708937937,0.0,0.334841628959276,24.64078543965595,3.3184733841585037,0.6010282997245066,-14.366669266645731
s86,6.698713350829386,0.44398340248962653,0.0,29.34676527077325,2.4260292129524315,0.41772994254115037,-13.40858470992052
s87,6.967323671826372,0.0,0.5165876777251185,13.537183005060157,2.6178996205241574,0.5492788459796196,-16.904500939984523
s88,7.753117596667242,0.4036697247706422,0.0,25.697966981533995,2.7750380610970087,0.46765426486188316,-14.348796287974926
s89,7.649105010968406,0.5145631067961165,0.0,23.112805043723764,2.0651634404917147,0.3950163399648214,-15.034794736009978
s90,9.249949326069649,0.5875,0.0,24.937411104631046,2.7261837762997616,0.42099272405289245,-14.811799431990577
s91,6.408188336154115,0.4349442379182156,0.0,29.205338822395543,2.566410562670203,0.4806059907299403,-12.886099257831914
s92,8.648605247617484,0.2681564245810056,0.17318435754189945,18.70279684618694,2.094870929891237,0.5198704014077006,-15.808242754139789
s93,6.379429753159395,0.5942622950819673,0.0,24.87417225084676,1.9861343436387673,0.39459019457826594,-14.081327445249832
s94,8.16873537744894,0.609375,0.0,24.074723605891126,2.0811586431404936,0.451578287119193,-14.175957480766638
s95,5.762343966074309,0.33617021276595743,0.0,26.460546326568917,2.406743032277012,0.4821723134132633,-12.900278116957384
s96,8.83225100907908,0.4897959183673469,0.0,22.688343415256504,2.0764953772765957,0.41734348954657496,-15.639741522240698
s97,9.864920736579611,0.0,0.3595505617977528,12.911484779896012,2.4082930504389486,0.6964737283330779,-16.49006866380947
s98,8.36771699660819,0.35609756097560974,0.0,25.068339574863277,2.610859375562264,0.4780820566242288,-14.74432582637551
s99,9.525029255992946,0.11398963730569948,0.27461139896373055,15.429061068936067,2.2613175710447386,0.6457389992555986,-16.17902320789352
s100,8.304615691286356,0.44554455445544555,0.0594059405940594,22.131499393781883,2.074257963081613,0.38717982634887865,-15.88005443066773
s101,8.213920025343791,0.1148936170212766,0.3659574468085106,16.49711392491301,3.0359097103552206,0.6242871462251491,-16.066272541373422
s102,7.3427802944538945,0.40625,0.0,23.638548935284895,2.4433770433095563,0.4698997058276752,-14.511319344606942
s103,7.62066365597366,0.0,0.4909090909090909,19.60725415918308,1.9197590051924698,0.6130166178026923,-15.020925908615382
s104,7.5884127634499805,0.215962441314554,0.3145539906103286,18.42956046209544,2.8377726928749283,0.5564359004557455,-15.570368497237661
s105,7.761686981590299,0.33035714285714285,0.0,25.12383694225848,1.9459530387588184,0.5039162591197144,-14.349318630421704
s106,5.7658892999170455,0.4383561643835616,0.0,33.007221130781026,2.578183150573948,0.46528868167599113,-12.137425277982828
s107,9.163218304965826,0.03755868544600939,0.49295774647887325,13.437959869559373,2.124615468119581,0.5797990038770964,-16.590534338052468
s108,9.145415223907584,0.0,0.46808510638297873,13.344654655096386,2.5539650416610695,0.5867634472926831,-17.002500834263568
s109,8.907344867310053,0.47619047619047616,0.0,22.930043660837526,2.3576312290180956,0.4177578711915475,-15.664747560737933
s110,7.187712979897188,0.44339622641509435,0.0,25.787387908249332,2.3719079563387973,0.4185804563868263,-14.314191185572804
s111,7.672978409935292,0.0,0.5967741935483871,13.73733062601648,2.239571880485662,0.6050336214632217,-16.45030650736458
s112,6.603286769071715,0.3383458646616541,0.0,28.488525079661496,1.7846279158792486,0.5018813610408934,-13.387622590854814
s113,8.208139417897124,0.502127659574468,0.0,25.668470042001715,2.745457756809037,0.4413352733273099,-14.336758925319566
s114,9.49068504573804,0.15217391304347827,0.30434782608695654,15.90519295283225,2.08730039263822,0.5698725250496227,-16.09955695453763
s115,7.46439061657171,0.28717948717948716,0.18974358974358974,19.95204549798621,2.1835398408459374,0.4521229474309069,-15.469296527640996
s116,7.928727650609704,0.0,0.6183206106870229,14.266431345592876,2.371426498408645,0.6734456153281183,-16.37830542970395
s117,9.124632999567014,0.0,0.3103448275862069,13.62996928456834,2.781822264715723,0.6940532585466562,-16.748074845178248
s118,8.021885171121083,0.547945205479452,0.0,23.438214752798533,2.0055879054158923,0.37721546298163444,-15.236429377160482
s119,8.968830926922529,0.48514851485148514,0.0,21.537730970890884,2.040076602531751,0.44850760689186275,-15.255413068865394
s120,7.277771579613969,0.11926605504587157,0.42201834862385323,14.733786670061107,1.9523720829092743,0.5581665437260909,-14.90045415348265
s121,9.490619311909677,0.0,0.4807692307692308,14.206419845766778,2.5471663733069634,0.6276745268882193,-17.09928581270984
s122,8.362283466244515,0.0,0.4878048780487805,13.406773556233736,2.7243517529452372,0.695197389996498,-16.51833889258148
s123,7.947663967689638,0.004310344827586207,0.33189655172413796,12.107808233648605,2.307192271626199,0.6668018961131633,-15.842198362515218
s124,7.500155537108027,0.36,0.0,23.302010698806022,2.26676012776712,0.4640892144926056,-14.344208354507998
s125,7.676721295760406,0.0,0.5652173913043478,13.37558723907614,2.5359719356067347,0.5963305998816896,-16.96687428130489
s126,7.024408552307285,0.0,0.4714285714285714,15.06233241607384,2.774512957187231,0.5723882925624515,-16.260318653429746
s127,6.79957313540777,0.5145631067961165,0.0,20.058581132676398,2.0157038020781215,0.4146785355475186,-14.44652906875201
s128,7.697800396812369,0.44086021505376344,0.0,22.17924963120265,2.0673599205379585,0.38159283881083317,-15.507576943667393
s129,7.533342927184101,0.3888888888888889,0.0,23.469007345722947,2.2677033334957524,0.4771964632946327,-14.374743190819109
s130,6.124502077904181,0.4380165289256198,0.0,24.052357268066995,1.732509024488019,0.4516920800296389,-12.943955034890427
s131,6.337033222495729,0.4523809523809524,0.0,23.93897012536691,2.2674652187979807,0.42358288916365233,-13.687287259333992
s132,8.333642239874484,0.08144796380090498,0.4751131221719457,15.389711153270405,2.5985280374297828,0.6307306837238301,-16.348044640870107
s133,8.579601425612095,0.48717948717948717,0.0,23.27311664853584,2.5007874555697467,0.4359155009353031,-15.265773316302363
s134,6.9515156101541775,0.38636363636363635,0.0,28.103099993400978,2.7656017771862587,0.4415073571992621,-13.589072045413566
s135,6.698438838755101,0.5792682926829268,0.0,30.17643414328998,2.3052096295813667,0.4548189575784495,-12.515310431208313
s136,8.281968440787288,0.42857142857142855,0.0,21.115573765331327,2.0423688166873832,0.4225163133709517,-15.518250066327319
s137,5.665057747716694,0.3983739837398374,0.0,24.817939691616903,1.7044080918898683,0.4663677633397244,-12.515506683152273
s138,8.1125951006905,0.2205128205128205,0.26666666666666666,16.839257665717355,2.003423222001025,0.531389958800495,-15.151188127445035
s139,8.715718019493625,0.0,0.5352112676056338,14.372053855639388,3.3820394250430894,0.6450817511057307,-17.16590059353486
s140,8.53370788928809,0.4897959183673469,0.0,20.519088562737732,1.9888911934289433,0.41964716034499727,-15.172457686677614
s141,7.727405448227938,0.3333333333333333,0.12380952380952381,23.47874440465004,2.37624712578276,0.41802375695190885,-15.152729791844921
s142,8.389591380956231,0.43575418994413406,0.0,22.094851000069863,2.066223801351862,0.42532124944278454,-15.71494590073632
s143,6.224884257878246,0.39928057553956836,0.0,32.234943406043065,2.1782809487945975,0.45316685132591544,-13.172757648509512
s144,9.290205280403852,0.0,0.4632352941176471,18.754000783597625,2.0695024826232253,0.6714814879994774,-15.67547130773729
s145,9.792510171143572,0.0,0.4350282485875706,13.280444463808388,2.5704578508536375,0.6154650657979109,-17.17630807447705
s146,6.546579819570549,0.35331230283911674,0.0,32.74774500294934,2.90487922537039,0.48452861851143963,-12.710630836176053
s147,8.089860798356693,0.5930232558139535,0.0,24.8575205010196,2.6068625068656712,0.43450970912877007,-14.164776041754184
s148,6.9081296459385735,0.34977578475336324,0.20179372197309417,19.99016852248756,2.16476110011347,0.41919775045462027,-15.462836407156423
s149,6.851404144405834,0.42214532871972316,0.0,30.432170483390472,2.8597772619951645,0.4671208971588088,-13.082580507360127
s150,6.34487315278728,0.2783018867924528,0.0,31.070836953217,2.7553823701053606,0.45778011511178107,-13.433506721335487
s151,7.969193585505869,0.5049019607843137,0.0,23.039170439421728,2.0540256247454387,0.4002572746158619,-15.36729547226238
s152,8.462080179948535,0.0,0.4536082474226804,14.072914398775017,2.4935708999362065,0.5791948994203215,-16.779441641259616
s153,9.21534390561452,0.4597156398104265,0.0,22.69316005047166,2.122793013255089,0.4833020819960098,-15.389939540390086
s154,6.679636276886174,0.0,0.3543307086614173,19.723897815185836,1.7007024504837447,0.6017533128289054,-13.527805430564108
s155,9.381766813453464,0.0,0.4095238095238095,17.016889671772752,3.1624467676077783,0.6557442459994646,-16.95942368239437
s156,7.876232974733705,0.4734848484848485,0.14772727272727273,23.561046940585644,2.857701175368586,0.4660926469903186,-14.219144140701761
s157,6.539948998671028,0.0,0.5535714285714286,12.609844155704947,2.691503736225152,0.5374251278787375,-17.218073712859145
s158,6.241825264823305,0.3058823529411765,0.0,27.36214654226756,1.7717416421633532,0.5099723760742935,-13.066946568314426
s159,9.840996596660752,0.3371212121212121,0.2878787878787879,21.32601494237025,2.999196532737797,0.5110863487982276,-16.105686445534644
s160,7.84276979935228,0.5348837209302325,0.0,22.849039807314227,2.017159219208609,0.42390832649906846,-14.69958879574686
s161,7.267264865374984,0.3141592920353982,0.084070796460177,23.737953383932023,2.382295020291223,0.515817640608875,-13.97090813949345
s162,6.41263607107266,0.5238095238095238,0.0,22.9287622834885,2.008175091515832,0.37174164051204395,-14.466783426764264
s163,6.832702694222424,0.6296296296296297,0.0,25.942523546304656,1.9411179665361944,0.4039835529636512,-13.695234210711831
s164,8.320800917846281,0.40476190476190477,0.11904761904761904,21.656639890023285,2.705739704716377,0.4793780646889941,-15.295032222039637
s165,8.505863207497077,0.04128440366972477,0.5,13.585868648737607,2.3812634099684087,0.6395526068237157,-16.333212068455005
s166,7.956207279171495,0.41232227488151657,0.0,21.0321061180393,2.1478845041249084,0.5243444840338707,-14.895269547139513
s167,5.971986436857214,0.41832669322709165,0.0,27.601599430683894,1.8235241267615083,0.4064837699818591,-13.164119695802787
s168,8.276929850966233,0.453551912568306,0.0,21.44311533132403,2.028610484267375,0.4263685605287792,-15.219941458672247
s169,9.188941833158308,0.0,0.36312849162011174,15.253596624823189,2.3859045265285643,0.6327546375972773,-16.46060855285067
s170,7.447677623786754,0.0,0.42585551330798477,19.69087431432571,1.996351817539801,0.57060193020777,-14.751385910906885
s171,6.821215751339451,0.3944954128440367,0.0,25.241510569833842,1.9358870382078968,0.417006750243623,-14.131630786422615
s172,7.646914710507245,0.4358974358974359,0.0,20.696438012394687,2.0296996801316607,0.4226028803668964,-15.118872805478848
s173,6.915614748782852,0.0,0.5,13.97002297461762,3.247000377173939,0.6561478705462365,-16.16800548598967
s174,7.908297007036147,0.0,0.3465346534653465,17.847167393652892,2.8088418011620018,0.6437995968652401,-15.89203754588484
s175,6.640260690888195,0.46296296296296297,0.0,27.989240443872625,1.8092132396154343,0.45683633209843294,-13.424925855231548
s176,9.633522562816404,0.5639097744360902,0.0,27.708418211523725,2.864431552858697,0.42308736914333667,-14.661950300389028
s177,9.839773629507981,0.0,0.4528301886792453,14.273144289669192,3.2522009043521214,0.6734445355790261,-17.47555642548953
s178,7.876158930078242,0.5349794238683128,0.04938271604938271,24.047849816533777,1.9872182630822945,0.42602433383613364,-14.922077243742372
s179,8.997948156684945,0.0,0.38461538461538464,24.266562459161094,1.769995735117869,0.6619211179321689,-15.187117452462386
s180,7.24283335996993,0.44776119402985076,0.05970149253731343,21.995286190962844,2.0778766735357457,0.44733704939271984,-14.932159777637674
s181,7.466392614394272,0.45161290322580644,0.0,25.378834048316616,1.9750186543451942,0.5000745213447295,-13.705843390079421
s182,7.324806503268224,0.0,0.35051546391752575,26.188596707257503,2.494518118757403,0.5673023613211771,-14.161135288684848
s183,8.06975576833878,0.5588235294117647,0.07352941176470588,24.30176479197519,2.0046479521351053,0.47590474755488565,-13.929142002209655
s184,6.325507573825497,0.4143835616438356,0.0,29.155971874016192,1.7666948286763051,0.47581603815144496,-13.042550644309747
s185,7.909151322271386,0.5335968379446641,0.0,27.526439760099983,2.1687062073052257,0.40545922878833957,-14.29154097939297
s186,7.808092794731099,0.13736263736263737,0.3131868131868132,16.46393957725653,2.4521647504734023,0.5670356647885948,-15.853724808766573
s187,9.36294665994728,0.07731958762886598,0.4072164948453608,15.012423467696209,2.405818958424161,0.666029979010002,-16.56045021471009
s188,7.91256065925392,0.0,0.5892116182572614,14.008793700508733,2.403138319960956,0.6421009261271757,-16.306748915297373
s189,6.534507077105577,0.3545816733067729,0.0,27.170503246256644,1.8578813951538915,0.46142324740739177,-13.39821218697675
s190,8.187426344359103,0.5238095238095238,0.0,23.55569164307739,2.4728655829115262,0.4266066724655882,-14.87586583272424
s191,8.13889560446888,0.0,0.6268656716417911,13.884177388488569,2.2624960618876355,0.6484653328419331,-16.208369323640035
s192,5.799175375307358,0.0,0.5067264573991032,12.790646067883785,2.659558761102123,0.5547482542117307,-17.176198381582086
s193,6.378592476872269,0.46779661016949153,0.0,29.899879183674003,2.6813183063401977,0.45327896819275726,-12.844848328541334
s194,7.793716226450307,0.0,0.5594713656387665,13.682536304931384,2.4597491981609654,0.6310628354594163,-16.567944617650753
s195,8.640001599044416,0.12,0.38,15.084654582852362,2.023049018799177,0.5691450740114404,-15.52220045334882
s196,6.720003856388139,0.38095238095238093,0.0,26.933224342213588,1.7981094217751186,0.4817717106138186,-13.480029818821032
s197,8.948887189458219,0.3755656108597285,0.0,20.36387730567396,2.1732210838218053,0.569940000775829,-15.392688388428494
s198,8.31749762768357,0.0,0.4470046082949309,15.129271918981017,2.4151689428296037,0.6710268163415892,-16.370092303777266
s199,8.44146637637013,0.09649122807017543,0.43859649122807015,15.295183010211613,2.386900717940988,0.6154508442403372,-16.443291634338372
s200,8.746260673324942,0.3288888888888889,0.22666666666666666,20.537789531695836,2.864084311508718,0.5121330278165812,-15.6531156589674
s201,8.643864467706148,0.5614035087719298,0.0,23.03557542335692,2.1229512939253166,0.45490953557080277,-14.946000808343964
s202,9.520851579129097,0.0,0.5144230769230769,13.244430691668134,2.5442144527054418,0.6815606739099346,-17.23550588652722
s203,6.6481176575666,0.42857142857142855,0.0,22.329987767821446,2.0412393498908252,0.4153237909647244,-14.672594661848942
s204,6.935998042748493,0.3870967741935484,0.0,25.86582336530405,1.9435993696189477,0.5227672991273994,-13.366466702807527
s205,6.614226812951216,0.35537190082644626,0.0,21.398128031869028,2.0445743293548246,0.4853033702906601,-14.2915872659931
s206,6.730248098944498,0.0,0.3560606060606061,21.733261494196118,2.3145005420283162,0.598362003471445,-14.12886778391386
s207,8.040232641411238,0.0,0.31521739130434784,15.947759400519432,2.2029883872955565,0.6672501177562887,-15.253885542808622
s208,7.373127857461314,0.27876106194690264,0.0,24.925819301648463,1.9831243937727103,0.5577943776727095,-13.840185532213942
s209,7.122440182172941,0.41203703703703703,0.0,22.77389206251432,2.075554512380703,0.49232437000738527,-14.32024360363505
s210,6.550934933008384,0.3087557603686636,0.0,26.726301221919258,2.465263255812683,0.4798546874248393,-13.685655847649421
s211,9.277255796315211,0.5155709342560554,0.13494809688581316,24.00186911107746,2.1162412782350435,0.4888638075297518,-14.809330472232583
s212,6.587840226849048,0.5290102389078498,0.0,30.07390435576748,2.3718881504026283,0.4582460105113153,-12.59867993081356
s213,8.654629935848208,0.0,0.4900990099009901,13.12080605345394,2.5199141314340983,0.5915377787085278,-17.268243945781183
s214,9.152718270182582,0.5509433962264151,0.0,26.920805518080368,2.8119534010919587,0.43417646450702024,-14.545383756915585
s215,7.24354958099894,0.2833333333333333,0.3,18.96727059165617,2.1852706518380196,0.5157271328969816,-14.652292983581637
s216,8.2243948686531,0.4336734693877551,0.0,23.601639778442966,2.1685122947938833,0.4446964018862039,-15.214206314136748
s217,8.433185292995233,0.0,0.345,16.18393536348365,2.3147276840379236,0.6672099040184981,-15.686352919245122
s218,6.552665752336344,0.46502057613168724,0.0,28.642600060819326,2.3955199948149453,0.4226457292913069,-13.275677670196515
s219,9.407502378462443,0.0,0.43820224719101125,12.644817442285538,2.365210696957385,0.6535537743451914,-16.40816312041515
s220,7.9257739923693,0.5024154589371981,0.0,23.8683810428221,2.2503590357618677,0.3864114559162916,-15.156665779520491
s221,8.534475112530037,0.0,0.5575221238938053,13.524345404733316,2.5090302212384055,0.6851612954678583,-16.80342370915705
s222,8.234594865305676,0.4980392156862745,0.10980392156862745,23.91232874817072,2.8035096778716393,0.4560402859479118,-14.453200100962922
s223,7.880941375775051,0.46153846153846156,0.015384615384615385,22.178450637967103,2.0816204886173466,0.4353797363900628,-15.283124277201722
s224,6.472435325808795,0.49166666666666664,0.0,25.80158106737272,1.920419027844645,0.3765630821649519,-13.856473919430254
s225,8.806473631375404,0.3004694835680751,0.0,19.773100865113953,2.573526672497893,0.5929154418306686,-15.195127891340729
s226,5.250427025852626,0.3567251461988304,0.0,33.498585400677605,2.366383381325407,0.5163041036524534,-12.121204167210362
s227,7.560609968829537,0.2868217054263566,0.32558139534883723,19.857102392038627,3.1085451018128447,0.5276379162587025,-15.262503146514627
s228,8.820696960954724,0.4238095238095238,0.1,20.965167691745027,2.1605030086627943,0.5030012260318674,-15.444988320328315
s229,6.713816846144905,0.5726495726495726,0.0,24.62085299603894,1.983283155553668,0.40996700754059406,-14.25648540487167
s230,6.907125038995977,0.5910931174089069,0.0,23.91587550540136,1.9372958376255558,0.4060974173417436,-14.109553589024562
s231,7.532084138779509,0.47596153846153844,0.04326923076923077,20.223067787929534,2.0089254606083435,0.41972247426278964,-14.914384807081898
s232,10.845542104516554,0.0,0.4511627906976744,13.767562165457635,2.2808616955877885,0.6316167928565364,-17.424249986128427
s233,10.126535149097625,0.54337899543379,0.0,23.023527775888876,2.363308306582304,0.4441937203041837,-15.831648301479017
s234,8.167152545352431,0.08333333333333333,0.4264705882352941,15.690036195955177,3.124923802529414,0.6177804463796592,-16.382937019739295
s235,7.905523281283838,0.15422885572139303,0.3482587064676617,16.449661632622355,2.3185248185172074,0.5025139061104189,-16.275864900281675
s236,6.743515130003162,0.3397129186602871,0.0,25.3735160510537,2.4009562769928428,0.4540521617497805,-13.937751815934512
s237,6.247372820640849,0.0,0.588477366255144,13.175467779632331,2.524120544615496,0.5681027021180586,-16.900817446963448
s238,8.393525756868973,0.0,0.49,13.90696704675631,2.5571602998192113,0.5635855154872773,-16.876446188185078
s239,6.7978321160644315,0.47183098591549294,0.0,30.181066558602875,2.1118212152671227,0.4421883845672143,-13.618730338875064
s240,6.125217604829666,0.3707482993197279,0.0,31.83695250099146,2.2886814225261802,0.47309203746631806,-12.735412915148489
s241,8.437110598657474,0.47,0.0,20.39404936147135,1.9961543144905105,0.4350665046513994,-15.14337202974105
s242,9.141191087255164,0.0,0.46808510638297873,13.246819994487398,2.572829824983906,0.6339515933377202,-17.042142192887756
s243,7.110368496064047,0.37809187279151946,0.0,36.13105391672031,2.5566714119566094,0.4184167850555168,-13.212595248529556
s244,8.960639198071771,0.0,0.524390243902439,20.585272498285082,1.8777164798961716,0.6627463986216576,-15.939766218485014
s245,9.014600443360804,0.46236559139784944,0.0,22.117979138244003,2.059905390943628,0.4343405380086777,-15.709386001092724
s246,7.721394778722777,0.6382252559726962,0.0,26.345154012974962,1.9504345931745664,0.45446012045109807,-13.361655003134484
s247,9.279167885286526,0.0,0.4444444444444444,15.126584990212152,2.6668383705081733,0.6085043785848421,-16.44511421590129
s248,8.06971491846373,0.5327102803738317,0.0,22.157614508335598,2.084071755744114,0.4440634196754156,-14.727191175555017
s249,9.138638847890634,0.5867768595041323,0.0,23.97589759556867,2.5659941152353434,0.4316374897502018,-14.93538393947397
s250,9.177781611997807,0.0,0.5412844036697247,13.57586335767819,3.1039746183335146,0.6292330990633249,-17.22349336023687
s251,7.870394781824755,0.3103448275862069,0.0,25.782029596650695,2.4199642488952993,0.4914988781173688,-14.660258928895193
s252,8.770650867012092,0.5260663507109005,0.0,23.104326062439448,2.5289558989597327,0.4261380107098854,-15.052274716073299
s253,7.7716119296239565,0.5141509433962265,0.0,22.583304507145378,2.058998745392429,0.4303226215331277,-14.624798352931334
s254,6.991295709983373,0.5655430711610487,0.0,26.09982330813143,2.152952574575602,0.43351155267188757,-13.02879342694494
s255,6.448900498637139,0.38738738738738737,0.0,26.461426244877284,2.294323907004921,0.4630041391112415,-13.773120184251924
s256,8.136758359683444,0.42342342342342343,0.0,23.711160917341953,2.2239365837986345,0.47771889245496046,-14.58251483105969
s257,8.044163037644523,0.5833333333333334,0.0,23.52188329742691,2.102379330895568,0.4384924782289652,-14.521102804471981
s258,8.267362262057947,0.23076923076923078,0.22527472527472528,17.62918470502817,2.0878937550314345,0.538167280533764,-15.468308016325539
s259,9.530213738450776,0.0,0.3062200956937799,13.065197298742216,2.6420275541095766,0.7072915367570224,-16.394068965078077
s260,6.90839340142443,0.519650655021834,0.0,24.71904367268754,1.9892148845641895,0.3967984874397719,-14.242092610901787
s261,6.798586307035871,0.32989690721649484,0.0,26.90842084829616,2.49464408743259,0.42332047920455335,-14.199139971259342
s262,9.288654608145832,0.10112359550561797,0.33146067415730335,15.203727132750174,2.28508619578613,0.6104364393605486,-16.154925642687214
s263,7.9046136491724255,0.4723404255319149,0.0,25.553730172794616,1.9329223621989589,0.45548948461581695,-14.279008154930674
s264,8.878267557007309,0.0,0.3206751054852321,14.223432296066601,2.3971832237597237,0.7061268076403031,-16.009481450448565
s265,7.78169884632239,0.0,0.444,14.46505113249,3.4215371617806247,0.671855048426527,-16.362392721151053
s266,6.989431802434295,0.3939393939393939,0.17316017316017315,21.685786558418844,2.0326693251863746,0.47548833463125434,-14.578445658379792
s267,8.061182480791835,0.0611353711790393,0.5021834061135371,13.49251161878886,1.948552453822725,0.5723541419154248,-15.75409903109665
s268,5.673098856155892,0.36454849498327757,0.0,31.658059894459516,2.4573801809585674,0.5040245941620974,-12.27757272251924
s269,7.919308449877067,0.0,0.45161290322580644,13.500973240164656,2.5194333602561465,0.6088377717110203,-16.2270090036622
s270,8.93067144033036,0.4594594594594595,0.0,20.65121357132782,1.9985908700355277,0.427025568169253,-15.464094448827357
s271,8.202529880757444,0.4652014652014652,0.1684981684981685,22.957031903062546,2.0117613755584682,0.5046970460086606,-14.228868876407178
s272,10.142806931232032,0.0,0.41836734693877553,15.472556226630397,3.009681775478721,0.6766241885065805,-17.46656343532695
s273,7.742462231090613,0.46568627450980393,0.049019607843137254,20.849651957198365,1.9767347361296308,0.4353298655703991,-14.836853477354234
s274,8.71845326748473,0.325,0.25833333333333336,19.565008692281502,2.1753240982090936,0.5536019472490571,-15.359035057839836
s275,6.758060022913812,0.44274809160305345,0.0,23.8262508244943,1.9853669540745946,0.4867357565292836,-13.827406734991971
s276,7.20479540455593,0.504950495049505,0.0,23.08124788931849,2.0575683089066623,0.36385789818396774,-15.152275134917339
s277,7.2407885539207575,0.42083333333333334,0.0,27.16763083821718,2.7982041406692013,0.4643387788824393,-13.730964327803525
s278,7.732713927709626,0.4,0.0,24.669412571808525,2.384829942577691,0.44437341804562525,-14.807082765249962
s279,6.8943158599474526,0.4567901234567901,0.0,20.30178426840423,1.8553848791621814,0.47411644226229477,-13.625157168284188
s280,7.251441304396424,0.0,0.4794520547945205,14.45365418270332,2.477546863765805,0.5524578116556446,-16.487142649928664
s281,9.298944845690915,0.0,0.3150684931506849,14.150192702909305,2.4265898757733355,0.6419271975459955,-16.696652604553535
s282,7.403392232409992,0.3106796116504854,0.0,23.81254560214315,2.208913598163871,0.5023937589036334,-14.379519062300238
s283,8.591867226752916,0.0,0.49458483754512633,19.6728146954328,2.4725663170412173,0.5962162391395084,-15.69054308092746
s284,7.4810451858758205,0.5,0.0,25.12240188673652,2.3583012863904713,0.4434298540726967,-14.082448616250934
s285,8.276906745695372,0.5275229357798165,0.0,23.639974396896612,2.2931989981586485,0.41118299776923034,-15.071188658863322
s286,6.8164786738474366,0.0,0.5665236051502146,13.343530662035489,2.9625382402065865,0.6151273064533708,-16.071671694037253
s287,8.454699283037474,0.43820224719101125,0.0,20.670759659413388,2.0123993193173537,0.4333155659199479,-15.215303104872119
s288,5.729929539429917,0.4521072796934866,0.0,29.96752482309666,2.5116663638990895,0.447257364643688,-12.411134148095657
s289,9.176267726033526,0.26881720430107525,0.1989247311827957,18.913772742042546,2.27914479736942,0.54337662965713,-16.248046964232838
s290,7.541092158095853,0.0,0.3973509933774834,15.935911730763586,2.1233066248792065,0.6690485535076452,-15.287731607245455
s291,7.781618694960636,0.44808743169398907,0.0,22.822596091939296,2.383121537643158,0.4446111579505011,-15.04225897760969
s292,8.886315439570353,0.0967741935483871,0.3655913978494624,15.952111106362167,2.885403865882872,0.6261892258973523,-16.51062533511386
s293,7.898795859717912,0.4151624548736462,0.0,22.87086178714388,2.61919803643005,0.5391066336440153,-14.11632155619445
s294,7.1279909633808405,0.28888888888888886,0.0,20.048428283143604,2.09927563434901,0.536477776763236,-14.593300087010924
s295,7.357514929176067,0.5138888888888888,0.0,23.966504452136952,2.0825712046621376,0.39000683953619003,-14.978919989284284
s296,8.754680400252976,0.0,0.4247787610619469,16.279913688002544,2.574095119643706,0.6819383755443722,-16.35096107524269
s297,7.045816821790092,0.2744186046511628,0.0,25.014912749283592,2.035580474088538,0.5239896436788678,-13.94044684088756
s298,6.748504292664543,0.5328185328185329,0.0,26.454472005179213,1.8872639113401353,0.4304302401214376,-13.906892812602464
s299,8.1682295479204,0.0,0.45622119815668205,13.731089122802647,2.483531400569895,0.5775973499439291,-16.918799230723963
s300,7.568844809162906,0.0,0.40271493212669685,20.401794536908945,2.947571822954262,0.6469029455977872,-14.947925653534291
s301,8.722642962546887,0.48878923766816146,0.0,23.008323070426886,2.640018747356001,0.46068938254185654,-14.983053729142098
s302,9.059415660204463,0.0,0.38071065989847713,13.501265096400983,2.5351206170168865,0.6278133618524104,-16.880390876997872
s303,7.309740236243639,0.5348837209302325,0.0,24.856161956064014,1.931528184456367,0.41825751730173955,-14.354356859842941
s304,6.656278208297028,0.35797665369649806,0.0,22.447564557540446,1.9408536537765628,0.5596073194757074,-13.507716396244316
s305,6.630881819028101,0.0,0.36875,25.900128931741666,1.6475546633438647,0.610072016844997,-14.49460775327996
s306,8.3861845991494,0.3557692307692308,0.0,24.347180487873683,2.387041848424274,0.500146319660908,-14.718310194358057
s307,6.444901771340923,0.415929203539823,0.0,28.56312061476941,2.472967996453383,0.4209615968505197,-13.448745495228456
s308,7.197390841054173,0.0,0.5638766519823789,12.512510156831036,2.6439690433752534,0.6053233000783448,-16.386181090063317
s309,5.929492224601515,0.3793103448275862,0.0,26.988486471948654,1.7653729128646287,0.4409774583060159,-12.79304785757977
s310,6.940414449799037,0.35443037974683544,0.22362869198312235,20.91638888895043,2.147338554974622,0.480150565154741,-14.690692985144915
s311,6.920999607261285,0.3940520446096654,0.0,26.753501416657258,2.137130144662918,0.49620868515219035,-13.683137701518406
s312,8.252266885096375,0.07547169811320754,0.4528301886792453,15.05315417545491,2.3819057334483253,0.5592225434847912,-16.59858795839794
s313,6.372017013205046,0.30434782608695654,0.0,25.551037085977804,1.8271309747610411,0.4812376951876953,-13.305840082794447
s314,7.369033865428129,0.0,0.44755244755244755,22.036835570903463,1.787004126115495,0.612265271571853,-14.801893588240969
s315,9.291950472832553,0.2857142857142857,0.22167487684729065,18.276760691157136,2.0972904714557137,0.5319255300945441,-15.798089676570209
s316,7.005653338045511,0.48695652173913045,0.0,20.09158183647293,1.9345877913562166,0.44819237620750235,-14.091247915428184
s317,10.408908507193237,0.0,0.3333333333333333,12.758046128049227,2.3820542634088078,0.6953208967381658,-16.738430592999443
s318,7.074008304038459,0.25112107623318386,0.30493273542600896,18.3842214188255,2.2019887972836916,0.4853407199224628,-15.533605561276042
s319,6.552373721340865,0.2757201646090535,0.31275720164609055,19.729055631074516,2.0710051498536832,0.5187381625429813,-14.420710047560508
s320,7.727734298255436,0.0,0.6104868913857678,14.84413876129548,2.777267648978787,0.6071146873364957,-16.5217386871527
s321,8.611383655345886,0.0,0.5063291139240507,16.414208859768262,2.0724962727592264,0.701794670069703,-15.466782840731575
s322,6.042793889490908,0.42671009771986973,0.0,30.743250393399393,2.284796990536027,0.4989942173488031,-12.608099184290216
s323,9.508743222439017,0.0,0.4528301886792453,15.205787137751884,2.7450235086693358,0.6853389307998651,-17.125575669663046
s324,7.912366987098065,0.425531914893617,0.0,21.66150803334833,2.100724069723807,0.4591553198405569,-15.276671937556603
s325,7.87733758476188,0.3076923076923077,0.0,25.50510531913069,2.595113909157956,0.45798718816370537,-14.623809084823248
s326,8.470634370388495,0.3333333333333333,0.2846441947565543,20.49971745628333,2.084169369583295,0.5535144450184954,-14.941192281235242
s327,9.172019619121611,0.4752851711026616,0.1482889733840304,22.580006793782427,2.3402583410964914,0.4914570565994173,-15.043675981324313
s328,7.596000342098184,0.3939393939393939,0.22727272727272727,21.568147096495686,2.0556388404500416,0.5321164615380891,-14.207355666357248
s329,8.21306886132908,0.0,0.2775330396475771,19.238881633439586,2.182169097073005,0.689145389482178,-14.960794775526415
s330,7.82683774124063,0.0,0.36254980079681276,12.245951011484317,2.185955773857905,0.6543380859377697,-15.789881470754484
s331,7.527158850146676,0.48717948717948717,0.0,26.41175772524527,2.3611319302048086,0.4616303297414896,-13.911807552932364
s332,7.703333139420747,0.34285714285714286,0.0,23.559550872740072,2.0048247804500314,0.5196301584846013,-14.287794354305653
s333,7.933721737534466,0.0,0.6621621621621622,15.271361158916573,2.2105966513253983,0.6666997838061037,-16.150439904794627
s334,7.188393300762235,0.3018867924528302,0.0,24.832404773045745,1.957068462199691,0.46599637653073667,-14.24218739063992
s335,6.859933586787644,0.6296296296296297,0.0,26.719994072065916,1.8776555638741241,0.40278993295893484,-13.954858732482444
s336,7.760654861780857,0.6226415094339622,0.0,23.820211894809628,1.9939626970914506,0.4355913886730101,-13.760167000741086
s337,8.475747430421777,0.0,0.621160409556314,16.10329085774585,2.658259797076787,0.6418375105989955,-16.615375774836615
s338,7.638070685064786,0.5269709543568465,0.0,24.41274557443858,2.208572924728656,0.46700555249322034,-14.069173300074045
s339,8.1224582460516,0.40808823529411764,0.22426470588235295,21.610089202449853,2.068256944793446,0.5125583980829677,-14.40015264581368
s340,7.717275084186167,0.0,0.3017241379310345,19.275583849757943,2.107294541570638,0.6721684087146067,-14.489713136464472
s341,8.593537090705233,0.0,0.4975124378109453,13.046306847680702,2.5899760485206307,0.6482465679307033,-17.048234864641813
s342,8.110773733155243,0.6470588235294118,0.0,25.422122819887957,2.284246885110904,0.43817202659762233,-13.786980052768227
s343,6.079270586999654,0.39357429718875503,0.0,31.690080611693084,3.0190298793786,0.4426402239670291,-12.82187662277631
s344,8.557782774232033,0.0,0.5271966527196653,15.020032881311495,2.3890271451629856,0.6031461960080063,-16.04444874790081
s345,7.924144160269485,0.0,0.5067873303167421,13.437223476426352,2.5161180074865475,0.6577225357576655,-16.51729679491657
s346,7.248541491515182,0.3545816733067729,0.0,25.210790757075245,2.325945505265706,0.5470745739591332,-13.664982061690036
s347,6.930818671281991,0.46956521739130436,0.0,27.89382598345148,2.2852872340702137,0.3640284014717675,-14.169201322553004
s348,6.794959143936325,0.0,0.6108949416342413,13.91000478064715,2.433074534838114,0.590004176525768,-16.550532435504035
s349,7.284750641045562,0.3076923076923077,0.0,18.76443006857673,2.0203136867375955,0.5613937324333067,-14.360895180945805
s350,6.663519745514736,0.47368421052631576,0.0,25.378295025366924,2.17033740082119,0.4569588753742859,-13.284576510122278
s351,8.512129981744364,0.5151515151515151,0.0,23.80519140895551,2.6649570151078747,0.45427741677397676,-14.663533387059152
s352,7.721505815810622,0.4666666666666667,0.0,23.3990347119492,2.2278973366953703,0.5330357087089432,-13.804944336931404
s353,8.751736191002196,0.25125628140703515,0.19095477386934673,18.794173695043217,2.540694990727153,0.5656910255736021,-15.840397161102869
s354,6.217395845334911,0.36555891238670696,0.04833836858006042,29.059914038112833,1.7785363060139474,0.5411415814558617,-12.858940646380331
s355,8.323306621275213,0.0,0.50187265917603,18.269361644052708,3.0431500594369685,0.6268770983444396,-15.826099687057459
s356,9.047137982578803,0.0,0.5043103448275862,15.044505646715209,2.363966783666004,0.6426616089378124,-16.768214020796282
s357,6.848837355080171,0.5850622406639004,0.0,21.868448213101455,1.9525194434129693,0.4179580790202569,-13.715382748871486
s358,8.1192010415586,0.3684210526315789,0.0,23.08488254785143,2.0271546216030227,0.4816550830613928,-15.020194860561023
s359,6.418265162131758,0.3574007220216607,0.0,29.01402825573085,1.7681908365382317,0.4681560529280563,-13.09300572816658
s360,6.620669306778614,0.448559670781893,0.0,23.811216647003707,1.8267357503538708,0.45899473205308305,-13.327596748054537
s361,8.778951918428461,0.4339622641509434,0.0,23.56934339534682,2.05149917331038,0.4754498553299885,-15.077859129167424
s362,5.934472285960198,0.3220338983050847,0.0,24.907945676952515,1.7461596446113115,0.4950331938141695,-12.87159809181426
s363,9.493988803345836,0.0,0.37089201877934275,12.16163049396383,2.349257243558716,0.6646599498835061,-16.57712579031443
s364,8.161047445680934,0.5622317596566524,0.0,23.435964517142576,2.1246073658156304,0.42846437104146023,-14.76732359161688
s365,5.926861909072736,0.3333333333333333,0.0,32.94737476145197,3.101459582196497,0.4505423346162861,-12.767623840287921
s366,9.366972015961432,0.5196078431372549,0.0,23.203360251560216,2.522054978929566,0.4358149650008709,-15.578120770079465
s367,9.3727631322252,0.0,0.37272727272727274,16.514297407461502,2.3370117740986345,0.6851856499089817,-16.432119373386442
s368,7.938991167484299,0.0,0.46411483253588515,13.117007284420804,2.199277052528778,0.6142580357272532,-15.87808942619374
s369,8.059705699711495,0.673202614379085,0.0,26.930530529152676,1.9197484395056843,0.44808030867717324,-13.345097504180268
s370,6.068468111134001,0.5686274509803921,0.0,24.697745706552315,1.968082430631857,0.4102702061829297,-13.897416356486294
s371,5.936007547918428,0.4632768361581921,0.0,25.325041766390484,1.8341220709922645,0.5637040256756332,-12.24387315119496
s372,8.024007697105988,0.4672131147540984,0.12295081967213115,21.356908295314838,2.0359438050808083,0.4808956530675267,-14.390317706252603
s373,8.221379281247088,0.0,0.5725806451612904,14.253262275441772,2.495677349505875,0.652513500786821,-16.35455326754398
s374,9.462123122270452,0.0,0.42105263157894735,14.221395136725073,2.5158758741064653,0.6448453216863868,-16.566037652260245
s375,9.029299524210273,0.0,0.5614035087719298,11.969080209226533,2.067013966869043,0.593115213276457,-17.025742876005847
s376,7.409075999391759,0.0,0.36257309941520466,16.95152973419803,2.020929034286979,0.7345918797753289,-14.209678581752172
s377,7.01680815533494,0.4924812030075188,0.0,25.732577306175923,2.223789974491885,0.4437235781522238,-13.355197323219073
s378,6.142600229462223,0.27927927927927926,0.0,25.216806933152817,1.9950996481092587,0.5045206240776645,-13.12943052714917
s379,8.573372202849674,0.441340782122905,0.0,21.668306729816507,2.069850324846741,0.4201609572100393,-15.738427313888364
s380,8.868996540080058,0.5702127659574469,0.0,22.80647300543622,2.4580683895300153,0.4224985331412919,-14.831233544663672
s381,7.981370253273373,0.19924812030075187,0.40225563909774437,19.79241825923221,3.06225361784862,0.5564631243313806,-15.340084878379164
s382,9.487143068480055,0.0,0.3709677419354839,14.395760917490847,2.3787380436466377,0.7374277899739955,-16.16955683505209
s383,7.036183723542369,0.6094276094276094,0.0,25.45546530361209,1.9683273237529002,0.47357771769934803,-13.0243596093534
s384,6.725591355516808,0.0,0.5434782608695652,17.937280615556997,2.213162377180797,0.6055391117645169,-15.502941408563634
s385,7.069134196012672,0.0,0.36324786324786323,20.086614702663628,3.07925269382711,0.6359808475882266,-14.622555005099418
s386,6.599616405967378,0.47280334728033474,0.0,28.034057448323946,2.3606969989411826,0.39964670120738877,-13.546943418984505
s387,8.402005322516452,0.0,0.45893719806763283,13.366585264294297,2.550924508631188,0.7132981401443982,-16.485043935502315
s388,8.831235122137072,0.0,0.3333333333333333,14.230307754129692,2.395745518541039,0.6813451886472078,-16.35539967920453
s389,8.112710918624135,0.3076923076923077,0.2398190045248869,17.955636392213506,1.8674588453974854,0.491785207726185,-14.86753558001227
s390,7.075054899303263,0.5035971223021583,0.0,31.51591737596625,2.250351458363318,0.41646999263383744,-13.714385380089645
s391,10.835215667148816,0.0,0.5798319327731093,12.614961716044148,2.235885158130837,0.600345088279649,-18.274012077722706
s392,8.639284952951368,0.0,0.39416058394160586,20.427142934270716,1.9918108253448368,0.6726434711190317,-14.960524584731436
s393,8.187661597223277,0.0,0.5333333333333333,15.960105788131653,2.633901372285655,0.6580365761479465,-15.859602989063347
s394,7.533410495508531,0.23655913978494625,0.22580645161290322,17.30170919541915,2.0347700582104946,0.5292818857390834,-14.887745578236753
s395,8.086186526433648,0.292817679558011,0.15469613259668508,19.580015160995703,2.1413514498758035,0.46209136833973663,-15.770686153640652
s396,8.3188176285362,0.3712871287128713,0.0,24.062589848174497,2.353784682108354,0.4908811060417111,-14.830799329907792
s397,6.053447504961093,0.48444444444444446,0.0,24.939702538961377,2.172050209201122,0.37196205506498664,-14.203853373664831
s398,8.575793719359542,0.0,0.47643979057591623,13.492100575956135,2.8063763629155316,0.6925517035068223,-16.58928924334047
s399,7.539727431077754,0.4251968503937008,0.0,20.508716292989156,1.8507114903764619,0.4956608871201637,-13.881290399319873
s400,5.7135654179853805,0.0,0.31679389312977096,30.62074144154551,3.350860279274458,0.567717193273781,-12.815921954523729
s401,8.562067576269989,0.4897959183673469,0.0,21.22771743729675,2.0128513773977392,0.4230154872514471,-15.126822709623765
s402,8.936960046647913,0.0,0.48717948717948717,13.301676676670999,2.5598320311201537,0.6738858036658016,-16.775805352871817
s403,8.231611151560212,0.08444444444444445,0.4666666666666667,15.77023676367063,2.2747766123740463,0.5948889313875484,-15.929270403029836
s404,7.071407416805357,0.3157894736842105,0.24561403508771928,19.011254012278474,2.2276749002185423,0.4294630011982866,-16.163739048867672
s405,7.590391965396407,0.4811715481171548,0.0,23.198653604099615,2.0215199172350955,0.40201892091149677,-15.020746505508077
s406,7.881837397415391,0.4345991561181435,0.0,24.799234999110283,2.1208522664064375,0.4954139587571272,-14.149776429506344
s407,8.303250945500546,0.0,0.5689655172413793,12.191649609641976,2.1741474446608717,0.6077593673079508,-16.55219633009565
s408,7.009104660648128,0.3723849372384937,0.0,32.08339536941635,2.5452858211347995,0.38061949276648555,-13.76243011238371
s409,6.147217409173023,0.36538461538461536,0.0,28.133373018420503,1.9753053385615755,0.4503435180990617,-12.999981584707108
s410,7.175955999948192,0.6156351791530945,0.0,28.208991470890105,2.154127556652713,0.45207764056041666,-12.875468817863656
s411,7.971449259276857,0.315,0.185,19.97626033175323,2.522026915044093,0.5104844309670541,-15.15776876104137
s412,7.083395943222082,0.5907590759075908,0.0,27.792949981503885,1.8670986086541632,0.4706196995511808,-13.10216228524447
s413,8.842278764499476,0.10599078341013825,0.43317972350230416,15.120190625488979,2.433236253671654,0.506582372601376,-17.118158062738143
s414,8.236521274664716,0.03,0.47,13.992418335806475,2.48913628611332,0.6434023505119165,-16.449885987479618
s415,6.7117906016954025,0.0,0.4122448979591837,13.603841576002454,2.5121490991088518,0.5860654961226446,-16.195538799176283
s416,8.681343376413128,0.0,0.49537037037037035,13.093542015308723,2.8435080511366717,0.6355225055890913,-16.70132919253141
s417,8.941667701263434,0.0,0.4627831715210356,22.5616734531039,2.3961869512356677,0.6373845489195445,-15.461295711447137
s418,6.695075616501306,0.39759036144578314,0.0,28.89599551193161,2.239352471370461,0.39980158824034273,-13.608991810905726
s419,9.400885827376655,0.5050505050505051,0.0,22.66521955179097,2.386255768003515,0.4450302140571407,-15.764015530913088
s420,8.56267655357616,0.2236842105263158,0.33771929824561403,17.707587355724524,2.2529257205640048,0.5929092482352306,-15.726853939781085
s421,8.185941305386338,0.0,0.5636363636363636,14.647812274893301,2.3129586691812114,0.6800098650019941,-16.120005107931085
s422,8.964835207883675,0.0,0.31496062992125984,13.821081357088433,2.355310838399877,0.6950953587841022,-16.094045344775683
s423,8.302673349254253,0.3888888888888889,0.0,21.643738274866,2.054918618656076,0.4823775660727934,-15.19895534547688
s424,9.814316355347884,0.2074688796680498,0.36929460580912865,17.65527161827031,2.2336521762606143,0.6011196995102379,-16.321643099375063
s425,7.885793734445041,0.37383177570093457,0.0,25.225509887157997,2.408386793556517,0.5026323794405295,-14.445660568326458
s426,8.48100445738979,0.0,0.3320754716981132,14.225335291197597,2.5321793985775414,0.6594365738643911,-15.922077117367534
s427,7.795226665384871,0.0,0.5951417004048583,13.448073905948666,2.6075332040604944,0.6512251683638438,-16.52858363203112
s428,8.398797377583982,0.0,0.5145631067961165,13.382908321710465,2.5838138168269844,0.6661534037407687,-16.762439519471602
s429,7.1861389277472085,0.0,0.3483606557377049,14.465496017201732,2.359375974337474,0.6557492456988246,-15.397882321615278
s430,6.833960646636928,0.5874587458745875,0.0,28.192376216734587,2.039644407286801,0.45706579937386865,-12.861679513625122
s431,7.390457516217788,0.4026548672566372,0.0,21.331317787842696,2.0256746781026655,0.474936145316891,-14.53473211914181
s432,7.999776892933866,0.0,0.41025641025641024,15.519388233088637,2.7237805419066023,0.6495434243799741,-16.367333318624784
s433,5.862579461554933,0.4729241877256318,0.0,27.860832765438538,2.084308982200665,0.4546654900903299,-12.62474385020636
s434,8.680187023727038,0.0,0.35911602209944754,16.720292971855795,2.792444182157336,0.6352973437366339,-15.712908106564743
s435,7.693979014707818,0.16853932584269662,0.2696629213483146,16.47955017083508,2.087670749551372,0.568846771104713,-15.120444901777692
s436,8.44638016337182,0.0,0.5391304347826087,13.52204797390782,2.7448432249982972,0.6792209679286473,-16.85711603759757
s437,6.191980467582499,0.41626794258373206,0.0,26.159732481203502,2.347499674583701,0.38533455094456354,-14.024577644973627
s438,7.169823420919183,0.34297520661157027,0.0,27.109886499316307,1.8502239420797295,0.46770598898653243,-13.732120498510183
s439,8.135966616832388,0.5652173913043478,0.0,23.639540369962,2.0683875522889714,0.4408472273344025,-14.601727322662068
s440,8.56895425825106,0.3446327683615819,0.0,23.716738768215336,2.4310615067093346,0.4527881181823479,-15.174823956292848
s441,5.380576461324928,0.3333333333333333,0.0,35.08697566839951,3.0250210376121083,0.4586800833086712,-12.178123940699006
s442,7.5785565571707725,0.46236559139784944,0.0,28.247887694275537,2.464313486285984,0.4707258187440656,-13.513364342274873
s443,8.319986488357083,0.0,0.37438423645320196,12.96690863491804,2.4335724802064047,0.6570484534120341,-16.19423709573005
s444,9.234524663484683,0.0,0.4305555555555556,15.734651066164671,2.3468322478122947,0.6401388262486912,-16.76731171959576
s445,6.336929161014193,0.3925233644859813,0.0,25.366097460002994,2.322523344796611,0.4130042519511368,-14.017705466790309
s446,8.404289319354383,0.5665236051502146,0.0,22.938184222164313,2.374195159856643,0.4312038575283303,-14.645847612115329
s447,7.540405188935314,0.4978540772532189,0.0,23.156832671873556,2.271629426862884,0.41335165988487643,-14.914353587340358
s448,9.51771592331136,0.0,0.3492063492063492,16.603163458905527,2.73254663638157,0.6574919713993458,-16.650923450444992
s449,9.462405588097198,0.0,0.4691358024691358,14.509885916829445,2.326488465050292,0.6526864465494531,-16.67139557466283
s450,8.153041674506058,0.5263157894736842,0.02631578947368421,22.959407791001727,2.0847654130485753,0.45022158877839846,-14.812105482189734
s451,9.329126622336883,0.0,0.32669322709163345,14.048080292452651,2.433195825481273,0.7226821660052843,-16.31743950609136
s452,9.129486362202154,0.5402298850574713,0.0,25.851124462941968,1.9562906871867503,0.47540690032176397,-14.432999719123176
s453,7.295585150786962,0.022988505747126436,0.5938697318007663,15.064674059810923,2.860886199820573,0.6075496570805959,-16.120129134909604
s454,6.858125579919541,0.35294117647058826,0.0,28.163260594607888,2.549286954666766,0.39825483691135005,-14.138495812422846
s455,7.63014561251715,0.3953488372093023,0.0,21.72904302748308,2.0594521884959263,0.451461918674255,-15.070496283722601
s456,6.870587408604186,0.4880546075085324,0.0,28.485244000050898,2.2599167730848384,0.45950795150423185,-13.221570770169883
s457,8.70930330760137,0.16091954022988506,0.26436781609195403,17.212596117257068,2.233595771743824,0.5400155330846812,-16.076941717666298
s458,9.432110957558056,0.0,0.41708542713567837,13.732212908134505,3.0187081584278905,0.6995903663466704,-17.064028865789197
s459,8.432831779525623,0.5850622406639004,0.0,24.65282719666355,2.577494744025949,0.4216982094519892,-14.47080446629908
s460,9.814185151987173,0.0,0.3463414634146341,13.74125645661317,2.9430504513449063,0.7098654123125366,-16.907062843132522
s461,10.586220950713237,0.03208556149732621,0.42780748663101603,13.94571521041708,2.4999982817998,0.6101886719842631,-17.720513140138824
s462,7.495723317588676,0.6179775280898876,0.0,25.70737169079836,2.156527891727477,0.4077056898095192,-14.132232360435024
s463,7.609833785681915,0.36923076923076925,0.11794871794871795,20.734319983342658,2.1172717610461946,0.4470881777989652,-15.354207614457918
s464,7.8907853501040455,0.4700854700854701,0.0,23.63268739839919,2.4153391232675387,0.448116101917994,-14.58200954714616
s465,8.101716901858527,0.0,0.39574468085106385,13.972526637735161,2.712801552258832,0.6685774850945768,-16.38994424372458
s466,8.50395790105017,0.0,0.3333333333333333,17.3733407085302,2.706291899479183,0.6137796077806872,-16.234860483405697
s467,8.77687210592895,0.36929460580912865,0.11618257261410789,20.271284910863056,2.1218949071666944,0.551690930924757,-15.074370916844487
s468,8.296251474093141,0.0,0.40969162995594716,16.352068184699828,2.0655863950585647,0.6018739341340292,-15.379921130235381
s469,8.135421989210137,0.0,0.5373831775700935,13.86536144575976,2.9768196168038643,0.636919255422291,-16.88831688844773
s470,5.618320881130678,0.34210526315789475,0.0,30.208733152250538,2.087322138913292,0.531501704303421,-12.469059364951253
s471,8.569573447482325,0.3615023474178404,0.17370892018779344,21.074860306448887,2.763997065569707,0.4982922478257343,-15.604708333985707
s472,6.072046890032473,0.38620689655172413,0.0,28.9324867189732,1.790693937296201,0.4999085893567283,-12.587198157999234
s473,7.830447389920017,0.4594594594594595,0.09009009009009009,22.09384098377545,2.0912341582874383,0.3818424694665173,-15.74141284760104
s474,7.469243490056481,0.5584905660377358,0.0,25.370982424777434,1.909017235382326,0.4376625011056812,-14.195033486290571
s475,8.318149001458778,0.0,0.28095238095238095,25.36007548626948,3.385244892013798,0.5975249519335771,-15.206459644103566
s476,6.22292265589393,0.0,0.3824561403508772,22.18827083777318,1.7024615444903437,0.6121910446532595,-13.642112910085508
s477,8.21719896144907,0.0,0.44751381215469616,12.666807802398242,2.499490490817736,0.6595376297216318,-16.22440908019061
s478,7.878548338253153,0.5271966527196653,0.0,22.555016799907747,2.2243985889998754,0.46847997247806555,-14.506589757247223
s479,8.471117653727315,0.0,0.6313868613138686,14.633847712797454,2.653957822341039,0.6585416342693257,-16.61904461415436
s480,8.78893193346355,0.40487804878048783,0.0,27.106253051560913,2.79278309954776,0.4461861094296336,-14.92790201790967
s481,7.201552827553867,0.291866028708134,0.07655502392344497,26.706013311020026,2.9328505114986787,0.48688508447872264,-14.205222050490592
s482,9.025684771327004,0.0,0.504950495049505,13.314372227473873,2.555170856994011,0.6984634739598545,-16.707107387676363
s483,7.451959091409009,0.0,0.5231316725978647,15.65788494709486,2.1452215561526415,0.634934721086956,-15.906854784202357
s484,7.406391163480201,0.5,0.0,26.913580025354154,2.5358562887766842,0.45481273606868067,-13.634144993741474
s485,8.642506290346587,0.0,0.5169082125603864,12.162198447116472,2.3796260769398954,0.6331493765867741,-16.53312124543369
s486,7.287383935444625,0.4942528735632184,0.0,23.181168776859067,2.0371661853791916,0.5199387767752528,-13.699166910948247
s487,6.549497435575381,0.3925233644859813,0.0,25.81407338642851,2.2800436715404806,0.40559643978639515,-14.168601206888912
s488,8.939559772053034,0.14457831325301204,0.357429718875502,17.167847087048354,2.235664249277023,0.6304567495005649,-15.6771536474037
s489,8.089270018649804,0.5551181102362205,0.0,26.15087785725909,2.7269167930024434,0.43031466636706234,-14.06303277722796
s490,6.103634610389383,0.0,0.2676056338028169,26.791193401212848,3.068656534626295,0.576740982637155,-13.595703233311445
s491,6.4284596943592,0.5627705627705628,0.0,24.01415423285061,2.2339109899341394,0.36731453758043003,-14.455743679695235
s492,6.775298853558021,0.5738831615120275,0.0,28.305012705137948,2.0457266706828,0.46622013918584865,-12.780354030656657
s493,7.161099660211799,0.4051724137931034,0.0,25.77309015404693,2.4054970239583473,0.49679259206953896,-13.82187883962455
s494,7.641040789468175,0.043689320388349516,0.470873786407767,13.025950171369704,2.1396056227516036,0.5938878786171888,-15.386510671063727
s495,6.021639983361159,0.3755274261603376,0.0,24.866915271240646,1.915531727970309,0.46849723485785105,-13.001751003056436
s496,7.479629559152682,0.4649122807017544,0.0,24.342565465821767,2.2284658270800035,0.4657440348281677,-14.066710797546767
s497,9.12100858724063,0.0,0.5,11.97704301920476,2.280670515509322,0.6170327665100575,-16.563492489540717
s498,5.870774786302587,0.32567049808429116,0.0,28.682391267221995,1.7768206521824972,0.4444930604668443,-12.8931122552177
s499,9.939336331759584,0.0,0.3701657458563536,13.355947479630622,2.54180284271933,0.6844721594019314,-17.034915816349145
s500,6.220668732584718,0.3619402985074627,0.0,29.846466324222153,2.6478243581195224,0.48568932041232943,-12.890980347006165
