sample_id,E_T,AAV,VPA,PF,rho,ln_D
s1,9.627351630837904,19.643417918799607,30.092044471352615,0.30060764243645416,2.4151928450639395,-15.755912113046147
s2,7.942391979192743,14.683504906748924,28.80225962477673,0.5683016740813543,2.4321412527232416,-16.76053957577113
s3,7.1905866361371,23.491188618073636,41.988187529942635,0.35714956010464505,2.0094176390730554,-14.695191396785987
s4,7.801448301236565,22.30884821351325,44.180268030683116,0.5201312672258233,2.1288118859529965,-14.824906409440976
s5,8.469161610331188,12.049710598220024,21.84622327969971,0.4189792998568869,2.260671135463873,-16.61617250197141
s6,7.909389765119206,25.551425798391406,38.71823194960332,0.27513601499610746,2.49990534969722,-14.349206197546161
s7,8.0692405213746,13.658071748103355,30.1135798783484,0.8644171270493188,3.1353062291862637,-16.503086890381628
s8,6.51438049288622,23.91409270188028,42.89353135416624,0.3246586900762341,2.0348644263777587,-14.588913920328613
s9,7.069246192646957,14.6232388446649,24.151929962801393,0.35779754372575556,2.4481975965981113,-16.017037557408223
s10,7.182828748758404,13.391027682504252,24.018827430523526,0.5008182386663784,2.4718965170118077,-16.588117866644577
s11,8.281712320055306,23.40223503869781,44.906991560744395,0.4481410237242729,2.2128594723193835,-15.063673362411775
s12,8.667136914414131,22.074697226122822,42.89988328850284,0.40754850019263256,2.007450295742377,-15.498210898800634
s13,7.633522070371748,24.832499569026897,44.49983922769616,0.3750136699841821,1.9705584710112947,-14.531482963711055
s14,7.349146862996486,24.066569914789543,44.290578246545415,0.39352342490328823,2.0003409087508985,-14.651697480634432
s15,8.730252119237013,21.906261638475762,46.799740773107295,0.5136918428473205,2.034557338851201,-15.811978797280311
s16,7.663568812540761,13.86284772250298,24.082903342742384,0.5033684147589088,2.4388546100836814,-16.193155002158832
s17,7.397981103859396,14.424743234002838,24.728131258290595,0.4478423673743901,3.2427040562865965,-16.84922037807049
s18,7.634343129458566,24.34631622324434,40.968973506700834,0.3032910390515606,1.9839643839470371,-14.265361830187556
s19,7.9082384942055315,18.776666740010743,34.042249455466646,0.3874720291623459,2.2126388525711937,-16.067514133853038
s20,7.576517696383075,21.992230182506944,43.55324016535693,0.564588685908046,3.0804153254518627,-15.024453484498173
s21,8.53270510116396,18.18339103188736,35.32773114766685,0.5931938616260334,3.3535551196986604,-16.358899432754498
s22,8.329116670513413,12.230599970697183,25.524730373628902,0.6848284116198428,2.3048334946930074,-16.098593606896927
s23,7.493041833870397,23.351007304132338,41.921493427891114,0.40188371926576333,2.2843124384766815,-14.256990563905111
s24,10.592199244577964,13.547584656148526,25.40172123027848,0.598779141557712,2.485825054997347,-17.833692996875204
s25,8.578651914394655,25.209241180318614,41.41518193909483,0.2969150796641382,2.7257278307960866,-14.37292967204356
s26,8.14443802561442,23.281675799917,42.87708626484716,0.3821787932646424,1.9970055588374238,-15.07280660180631
s27,8.510120168948882,14.049175149004956,26.927585702259528,0.62497330319703,3.1923898564626625,-17.27846250712225
s28,7.189133078527061,27.482270337881783,50.34567171141371,0.40343036876208066,2.5597821385877046,-13.978379869808803
s29,8.503410813013494,11.656867642365096,22.064785180191066,0.4811842642291061,2.2414794697114684,-16.428931683746526
s30,8.142667393573289,13.884544651612648,24.62337215559429,0.5417499097671322,2.901841611301404,-16.82966437283499
s31,6.927212409606008,21.91694753127767,42.413352167009506,0.4059734764653831,2.136514525480516,-14.207463675360263
s32,8.836093594042303,14.22044457643112,23.33611417670749,0.3868922349702348,2.3687465397468763,-16.933305324103753
s33,7.781799073840278,23.124865077131044,41.77394981675282,0.40063495146308914,2.0966236863774568,-14.744612082763277
s34,8.75247391945513,13.921704451767411,24.362982790592962,0.4667252846040244,2.4104141304890914,-17.16094441986192
s35,7.714609048750617,18.41229353050768,37.98746875767897,0.5312356060722699,2.283156195533974,-14.907813290922618
s36,6.25641499796306,34.50144951700675,51.579667027925126,0.26587447522567326,3.2313151666733817,-12.62179431497255
s37,8.317250646523553,13.1302861877286,30.234211616480327,0.9214759329476807,2.5928576544141286,-16.44088958394727
s38,7.621094284411799,25.399061749779868,42.38783815195052,0.28694940369760596,1.9471208257231176,-14.612385587972822
s39,7.863121891718822,21.99509347817763,45.64573162675577,0.5127845248878043,2.057018658258049,-15.016226279555987
s40,8.588951308381437,15.897638238749733,28.333693957771686,0.5379101201545535,2.700308774510153,-16.233970188786056
s41,8.466791260314862,22.140543482377474,37.88839483251921,0.38299029227916903,2.223086149609455,-14.773666350374278
s42,6.965545209929878,26.36233221930859,51.95682951960822,0.46477691356464473,2.4581314964070113,-14.223114459349283
s43,5.742710398507013,25.3023973615195,42.170662269199134,0.24710966019850836,1.7006634752158178,-12.589845608342173
s44,7.657337843103465,13.62098224012173,28.413661877243214,0.7774968693944774,2.5165312057450815,-15.962999949624969
s45,6.929642414952987,32.06251242680661,54.55080239283069,0.29695383239254614,2.6251330933756845,-13.487877008876485
s46,7.4079816446784985,23.419101117443653,43.96217227309596,0.37523602335771483,2.057533541223055,-15.42057609084416
s47,7.4779164198916375,22.09280560684358,43.966870564114416,0.4573691659821177,2.0564804264329384,-14.363074992320104
s48,8.065752072747419,21.67615493882239,37.159122752267,0.3616103358452328,2.7861272402295834,-14.886735192184851
s49,10.146892179226201,12.469996766272509,23.715261707286093,0.6714647295230171,2.4048003302644196,-16.709620968201843
s50,7.545430289743591,23.859650562774,41.665359937978465,0.337531671615568,2.0614146154364987,-14.700583556594573
s51,7.570978629679006,20.557578935981176,33.56870484483001,0.3905551188168823,2.7018818806192777,-14.221248994278127
s52,7.795687486574141,24.23050103521587,49.73629159860104,0.5110967937160327,2.334040739665963,-14.455269338758534
s53,9.562441706215767,13.503028881084576,24.928668703540794,0.6902634465463396,2.744075109125846,-16.89013290841563
s54,8.280447950103838,15.172605765563041,24.257998439552857,0.3107606055968468,3.15015249823734,-17.20944815722343
s55,7.825727923778901,13.390963729134373,23.852654142520603,0.3333755005578202,2.2282163351479336,-15.625666807066917
s56,7.118939478946283,24.931863812357484,47.823847858249316,0.45567393793212607,2.3937476653210066,-13.98744736555374
s57,7.87184986393648,24.93853520708835,43.596254139798894,0.3745107139673548,2.6061675816790237,-14.226721854415624
s58,6.730625541378074,33.034277355456204,48.47085555894043,0.20024271721640385,2.3063495272619474,-13.128456062247029
s59,7.346597587321452,13.714503704894481,23.949207962278418,0.4234829371868268,2.598859942841625,-16.197024854784633
s60,9.160102121533143,12.944207976941788,28.695593587437234,0.8863737794316677,2.5710177433025536,-16.72765451482195
s61,9.473309271873642,15.272031384989074,27.871457277605053,0.6338063166922822,2.4189084845070963,-16.50980416381348
s62,6.148514364065349,26.26453308736046,49.331644755390094,0.4059451357356698,2.357653670677822,-13.80421394955886
s63,9.742882945859217,13.000462798555322,28.117280006177825,0.855314274312043,2.6076147462080357,-17.27933600205615
s64,7.769754107745993,23.415445854655054,45.72638954635468,0.4567270303558595,2.0245085525159117,-14.949588123724832
s65,8.9111807659691,14.720095562596885,29.890806295477372,0.6132908993493057,2.5516711928544806,-16.239225489812437
s66,7.1192439903302756,22.641981698155252,35.207037475702926,0.30597554387898174,2.389631836155332,-13.677373383509172
s67,9.128092259359644,15.647123396813575,29.136022876825244,0.5809656202911829,3.39389825684333,-17.411462325920176
s68,8.853260947322894,24.248468851252884,43.300837234380126,0.3881342003012747,2.6930474700384246,-14.877118886172072
s69,7.753079548340686,20.81608000758587,36.82844924419036,0.2587712038039323,1.9052054970590735,-14.331869669902717
s70,7.49323280261016,24.32061905604915,49.90793702126754,0.4811730857643522,2.2046767312139135,-14.952781334373345
s71,8.175332159116204,18.348917209399144,37.07230211694928,0.5732315982039128,2.187062942770896,-15.701559865088017
s72,8.44220422115419,13.260839351001927,28.160658846509726,0.8405629467409582,2.566212904663175,-16.392066794170535
s73,7.424144002640064,14.46519036508301,23.305028921522634,0.304871600173585,2.3091359975705985,-16.561591758528973
s74,8.574295382843832,15.758815344349976,30.486680152153674,0.4712577903955395,2.139594853314204,-16.16936532813614
s75,8.365063336741047,23.361489603865095,41.05958778861135,0.38738817155396094,2.3957296160454864,-14.7692533305889
s76,10.06391557310598,22.109355193099166,39.20955960026178,0.43114934549933354,2.637535035859997,-15.54181169575925
s77,7.611996221847688,25.6030761193689,40.15027845991939,0.2539743208713006,1.9845786635477354,-13.556231325553487
s78,7.070887086618086,13.605779189215333,28.55718489164979,0.7796222574937897,3.1218587075260142,-16.131532445300216
s79,6.66164388214787,19.806998479663037,34.12008497226625,0.33677713117129165,1.921124240484219,-13.693321238727007
s80,8.617523239859635,22.154889703410444,51.306060365792575,0.5998080447783736,2.061035834052003,-15.961038713945534
s81,6.646048985579415,27.863439532533302,47.007707510668475,0.3270001605334995,2.2794861239925077,-13.710151023292028
s82,8.281343998915766,12.994581798301644,27.1191272312382,0.7856878665882816,2.4922041639361963,-16.185140687374012
s83,6.763183164861317,19.328104088218833,35.17081235725065,0.4293012005975132,2.1065640078252708,-14.63129145817202
s84,7.178957498760083,15.666870307090495,31.818282994812673,0.6408821694124993,2.641588108656985,-15.583444359590429
s85,6.812443708937937,24.64078543965595,45.380113184699724,0.46997997727148216,3.3184733841585037,-14.366669266645731
s86,6.698713350829386,29.34676527077325,50.16007397344936,0.3297313518548231,2.4260292129524315,-13.40858470992052
s87,6.967323671826372,13.537183005060157,25.503085839890122,0.540932708176472,2.6178996205241574,-16.904500939984523
s88,7.753117596667242,25.697966981533995,47.07694791575137,0.42834499129249387,2.7750380610970087,-14.348796287974926
s89,7.649105010968406,23.112805043723764,44.91733810384059,0.4435499172677955,2.0651634404917147,-15.034794736009978
s90,9.249949326069649,24.937411104631046,42.44665719937203,0.33717370517199213,2.7261837762997616,-14.811799431990577
s91,6.408188336154115,29.205338822395543,46.76331037633569,0.3141591529955927,2.566410562670203,-12.886099257831914
s92,8.648605247617484,18.70279684618694,42.37722323376534,0.6485824841223802,2.094870929891237,-15.808242754139789
s93,6.379429753159395,24.87417225084676,41.857227787631814,0.29107729209174965,1.9861343436387673,-14.081327445249832
s94,8.16873537744894,24.074723605891126,39.50723873787263,0.32834315544429377,2.0811586431404936,-14.175957480766638
s95,5.762343966074309,26.460546326568917,46.404689453311185,0.3384261388433282,2.406743032277012,-12.900278116957384
s96,8.83225100907908,22.688343415256504,46.32203447281533,0.507531003504697,2.0764953772765957,-15.639741522240698
s97,9.864920736579611,12.911484779896012,29.464670395147298,0.8916155766289302,2.4082930504389486,-16.49006866380947
s98,8.36771699660819,25.068339574863277,48.94294869378068,0.4730248105919983,2.610859375562264,-14.74432582637551
s99,9.525029255992946,15.429061068936067,31.67881687558147,0.6766063800258648,2.2613175710447386,-16.17902320789352
s100,8.304615691286356,22.131499393781883,43.8290478190582,0.44420930808455295,2.074257963081613,-15.88005443066773
s101,8.213920025343791,16.49711392491301,28.506042443783496,0.4688313951077795,3.0359097103552206,-16.066272541373422
s102,7.3427802944538945,23.638548935284895,48.80216554381397,0.5347046365926674,2.4433770433095563,-14.511319344606942
s103,7.62066365597366,19.60725415918308,30.81139939300198,0.2620249232437814,1.9197590051924698,-15.020925908615382
s104,7.5884127634499805,18.42956046209544,34.738906003772854,0.5096858304915171,2.8377726928749283,-15.570368497237661
s105,7.761686981590299,25.12383694225848,45.75397947208051,0.42276883051535297,1.9459530387588184,-14.349318630421704
s106,5.7658892999170455,33.007221130781026,50.198482136396116,0.2699153335407043,2.578183150573948,-12.137425277982828
s107,9.163218304965826,13.437959869559373,25.329959754125227,0.44082089663364393,2.124615468119581,-16.590534338052468
s108,9.145415223907584,13.344654655096386,28.50903494497864,0.7593712350186488,2.5539650416610695,-17.002500834263568
s109,8.907344867310053,22.930043660837526,48.153091687758824,0.5288186903911671,2.3576312290180956,-15.664747560737933
s110,7.187712979897188,25.787387908249332,48.811841397757696,0.4305862619520231,2.3719079563387973,-14.314191185572804
s111,7.672978409935292,13.73733062601648,23.0193107787303,0.3239227382348901,2.239571880485662,-16.45030650736458
s112,6.603286769071715,28.488525079661496,45.65028717584308,0.28475347020658887,1.7846279158792486,-13.387622590854814
s113,8.208139417897124,25.668470042001715,44.68215155459561,0.3675082261456515,2.745457756809037,-14.336758925319566
s114,9.49068504573804,15.90519295283225,34.83994646810877,0.6382015758490788,2.08730039263822,-16.09955695453763
s115,7.46439061657171,19.95204549798621,40.95419865376116,0.5189460006758208,2.1835398408459374,-15.469296527640996
s116,7.928727650609704,14.266431345592876,23.072870447810686,0.38953970854465964,2.371426498408645,-16.37830542970395
s117,9.124632999567014,13.62996928456834,27.126311419287994,0.7611676647670473,2.781822264715723,-16.748074845178248
s118,8.021885171121083,23.438214752798533,42.77474192385728,0.34679473043380615,2.0055879054158923,-15.236429377160482
s119,8.968830926922529,21.537730970890884,43.075461941781825,0.485810857618294,2.040076602531751,-15.255413068865394
s120,7.277771579613969,14.733786670061107,27.22004655994344,0.3576635374566498,1.9523720829092743,-14.90045415348265
s121,9.490619311909677,14.206419845766778,27.109498421279692,0.5842375669785554,2.5471663733069634,-17.09928581270984
s122,8.362283466244515,13.406773556233736,26.175129324075385,0.7266872123082216,2.7243517529452372,-16.51833889258148
s123,7.947663967689638,12.107808233648605,21.120387294785544,0.46178501339841627,2.307192271626199,-15.842198362515218
s124,7.500155537108027,23.302010698806022,47.07476908849696,0.466901950180617,2.26676012776712,-14.344208354507998
s125,7.676721295760406,13.37558723907614,23.664500499903905,0.485489255172934,2.5359719356067347,-16.96687428130489
s126,7.024408552307285,15.06233241607384,28.75536188523187,0.5608171315524593,2.774512957187231,-16.260318653429746
s127,6.79957313540777,20.058581132676398,38.981770880484284,0.4024487588005465,2.0157038020781215,-14.44652906875201
s128,7.697800396812369,22.17924963120265,47.969074783763865,0.5268822075156222,2.0673599205379585,-15.507576943667393
s129,7.533342927184101,23.469007345722947,47.9058088087953,0.5143433623931762,2.2677033334957524,-14.374743190819109
s130,6.124502077904181,24.052357268066995,40.990637034311334,0.24401372204484567,1.732509024488019,-12.943955034890427
s131,6.337033222495729,23.93897012536691,45.289943480423844,0.3836151473477543,2.2674652187979807,-13.687287259333992
s132,8.333642239874484,15.389711153270405,27.65143223473787,0.5214025188004624,2.5985280374297828,-16.348044640870107
s133,8.579601425612095,23.27311664853584,47.771134173310394,0.5185698653964351,2.5007874555697467,-15.265773316302363
s134,6.9515156101541775,28.103099993400978,51.95531091216989,0.39932748201879364,2.7656017771862587,-13.589072045413566
s135,6.698438838755101,30.17643414328998,43.60295329955557,0.21110627955335567,2.3052096295813667,-12.515310431208313
s136,8.281968440787288,21.115573765331327,49.26967211910642,0.6119048179949081,2.0423688166873832,-15.518250066327319
s137,5.665057747716694,24.817939691616903,41.53206234107323,0.23565024431190248,1.7044080918898683,-12.515506683152273
s138,8.1125951006905,16.839257665717355,34.56479205068299,0.5136113647860996,2.003423222001025,-15.151188127445035
s139,8.715718019493625,14.372053855639388,26.853047993431463,0.5954967982951874,3.3820394250430894,-17.16590059353486
s140,8.53370788928809,20.519088562737732,41.893139148922884,0.4574196333051406,1.9888911934289433,-15.172457686677614
s141,7.727405448227938,23.47874440465004,44.419246170959525,0.41176914627416616,2.37624712578276,-15.152729791844921
s142,8.389591380956231,22.094851000069863,50.70485037195521,0.6116281497769096,2.066223801351862,-15.71494590073632
s143,6.224884257878246,32.234943406043065,50.34446217348294,0.25179397507384804,2.1782809487945975,-13.172757648509512
s144,9.290205280403852,18.754000783597625,29.486059035482974,0.3366609028434074,2.0695024826232253,-15.67547130773729
s145,9.792510171143572,13.280444463808388,30.527774936286843,0.8822623422099333,2.5704578508536375,-17.17630807447705
s146,6.546579819570549,32.74774500294934,47.61942736667404,0.22269688613863353,2.90487922537039,-12.710630836176053
s147,8.089860798356693,24.8575205010196,40.590128413057315,0.30709587198801885,2.6068625068656712,-14.164776041754184
s148,6.9081296459385735,19.99016852248756,36.242338052965245,0.3643616647086389,2.16476110011347,-15.462836407156423
s149,6.851404144405834,30.432170483390472,46.28893299842029,0.25118145247004003,2.8597772619951645,-13.082580507360127
s150,6.34487315278728,31.070836953217,59.34249940614417,0.4369996119130983,2.7553823701053606,-13.433506721335487
s151,7.969193585505869,23.039170439421728,45.630978346039164,0.4622733439737124,2.0540256247454387,-15.36729547226238
s152,8.462080179948535,14.072914398775017,28.73837256170901,0.6757911690908533,2.4935708999362065,-16.779441641259616
s153,9.21534390561452,22.69316005047166,43.13744838422988,0.4931589820662767,2.122793013255089,-15.389939540390086
s154,6.679636276886174,19.723897815185836,32.53162366920263,0.2432680020623653,1.7007024504837447,-13.527805430564108
s155,9.381766813453464,17.016889671772752,32.194115595245755,0.5977749319850456,3.1624467676077783,-16.95942368239437
s156,7.876232974733705,23.561046940585644,37.92753897752813,0.2840710954980071,2.857701175368586,-14.219144140701761
s157,6.539948998671028,12.609844155704947,22.77907331353153,0.4789194361475144,2.691503736225152,-17.218073712859145
s158,6.241825264823305,27.36214654226756,44.726585694091185,0.2907222823069064,1.7717416421633532,-13.066946568314426
s159,9.840996596660752,21.32601494237025,34.12162390779238,0.285779645882333,2.999196532737797,-16.105686445534644
s160,7.84276979935228,22.849039807314227,42.71777007454397,0.40675542115927876,2.017159219208609,-14.69958879574686
s161,7.267264865374984,23.737953383932023,42.57759892673525,0.4079603891186803,2.382295020291223,-13.97090813949345
s162,6.41263607107266,22.9287622834885,43.7730916321144,0.3831058250585562,2.008175091515832,-14.466783426764264
s163,6.832702694222424,25.942523546304656,41.20283151471912,0.23805160818109222,1.9411179665361944,-13.695234210711831
s164,8.320800917846281,21.656639890023285,41.34449433549899,0.47750830554653734,2.705739704716377,-15.295032222039637
s165,8.505863207497077,13.585868648737607,25.099316656142378,0.5513190160901762,2.3812634099684087,-16.333212068455005
s166,7.956207279171495,21.0321061180393,39.97994946762429,0.5167836942328851,2.1478845041249084,-14.895269547139513
s167,5.971986436857214,27.601599430683894,45.88080435166658,0.26098173886275405,1.8235241267615083,-13.164119695802787
s168,8.276929850966233,21.44311533132403,47.278194043762625,0.5600228665359586,2.028610484267375,-15.219941458672247
s169,9.188941833158308,15.253596624823189,34.56194678282723,0.8068084057340845,2.3859045265285643,-16.46060855285067
s170,7.447677623786754,19.69087431432571,31.771165304709577,0.2846530361262584,1.996351817539801,-14.751385910906885
s171,6.821215751339451,25.241510569833842,46.24075045566196,0.37360301966770165,1.9358870382078968,-14.131630786422615
s172,7.646914710507245,20.696438012394687,42.48216223596805,0.47535745899106663,2.0296996801316607,-15.118872805478848
s173,6.915614748782852,13.97002297461762,27.940045949235227,0.7049872991172327,3.247000377173939,-16.16800548598967
s174,7.908297007036147,17.847167393652892,35.34439032860668,0.6262211052455127,2.8088418011620018,-15.89203754588484
s175,6.640260690888195,27.989240443872625,44.453499528503585,0.2553234273814302,1.8092132396154343,-13.424925855231548
s176,9.633522562816404,27.708418211523725,44.4002364112368,0.2829254016740275,2.864431552858697,-14.661950300389028
s177,9.839773629507981,14.273144289669192,27.017023119730958,0.6454985155728402,3.2522009043521214,-17.47555642548953
s178,7.876158930078242,24.047849816533777,41.152306376181045,0.320460726421427,1.9872182630822945,-14.922077243742372
s179,8.997948156684945,24.266562459161094,34.46259710586746,0.2019992080049198,1.769995735117869,-15.187117452462386
s180,7.24283335996993,21.995286190962844,43.34365219983854,0.48550448311784417,2.0778766735357457,-14.932159777637674
s181,7.466392614394272,25.378834048316616,42.5266948917738,0.3579999403892644,1.9750186543451942,-13.705843390079421
s182,7.324806503268224,26.188596707257503,39.69209188443711,0.22940454634596016,2.494518118757403,-14.161135288684848
s183,8.06975576833878,24.30176479197519,38.430697810565405,0.2818483036819995,2.0046479521351053,-13.929142002209655
s184,6.325507573825497,29.155971874016192,44.34137389173293,0.22417624668627686,1.7666948286763051,-13.042550644309747
s185,7.909151322271386,27.526439760099983,45.2220081773071,0.26175212462117087,2.1687062073052257,-14.29154097939297
s186,7.808092794731099,16.46393957725653,36.541914671471794,0.708114738968881,2.4521647504734023,-15.853724808766573
s187,9.36294665994728,15.012423467696209,30.983086731202853,0.732014568973881,2.405818958424161,-16.56045021471009
s188,7.91256065925392,14.008793700508733,23.775487900159153,0.43904439449084226,2.403138319960956,-16.306748915297373
s189,6.534507077105577,27.170503246256644,45.16421400536701,0.3039494147089678,1.8578813951538915,-13.39821218697675
s190,8.187426344359103,23.55569164307739,44.96995677314777,0.4503406828839205,2.4728655829115262,-14.87586583272424
s191,8.13889560446888,13.884177388488569,22.14856869116036,0.3007439976423707,2.2624960618876355,-16.208369323640035
s192,5.799175375307358,12.790646067883785,23.002532847887785,0.49271405812443436,2.659558761102123,-17.176198381582086
s193,6.378592476872269,29.899879183674003,45.46631112981355,0.23855346837670968,2.6813183063401977,-12.844848328541334
s194,7.793716226450307,13.682536304931384,24.456186938735637,0.51901108197898,2.4597491981609654,-16.567944617650753
s195,8.640001599044416,15.084654582852362,30.169309165704718,0.5036135893974071,2.023049018799177,-15.52220045334882
s196,6.720003856388139,26.933224342213588,44.36060479894,0.2872326449626181,1.7981094217751186,-13.480029818821032
s197,8.948887189458219,20.36387730567396,37.1935279715202,0.5075580230652603,2.1732210838218053,-15.392688388428494
s198,8.31749762768357,15.129271918981017,28.060273559135734,0.6049752295116344,2.4151689428296037,-16.370092303777266
s199,8.44146637637013,15.295183010211613,27.45906871124606,0.5129526788731085,2.386900717940988,-16.443291634338372
s200,8.746260673324942,20.537789531695836,36.968021157052505,0.42991253370303606,2.864084311508718,-15.6531156589674
s201,8.643864467706148,23.03557542335692,41.03211872285452,0.41691776415189724,2.1229512939253166,-14.946000808343964
s202,9.520851579129097,13.244430691668134,25.74618302679414,0.7053647905589143,2.5442144527054418,-17.23550588652722
s203,6.6481176575666,22.329987767821446,46.07029055255792,0.5006732695534083,2.0412393498908252,-14.672594661848942
s204,6.935998042748493,25.86582336530405,43.34273104456356,0.36388079880401475,1.9435993696189477,-13.366466702807527
s205,6.614226812951216,21.398128031869028,36.467232279664096,0.3461724661087981,2.0445743293548246,-14.2915872659931
s206,6.730248098944498,21.733261494196118,34.98525021016938,0.3132950890163651,2.3145005420283162,-14.12886778391386
s207,8.040232641411238,15.947759400519432,34.933187258280675,0.7310894457625683,2.2029883872955565,-15.253885542808622
s208,7.373127857461314,24.925819301648463,44.70821557279806,0.44544990959350805,1.9831243937727103,-13.840185532213942
s209,7.122440182172941,22.77389206251432,42.40655763364735,0.4470673263030784,2.075554512380703,-14.32024360363505
s210,6.550934933008384,26.726301221919258,49.56929371928613,0.4301126093806625,2.465263255812683,-13.685655847649421
s211,9.277255796315211,24.00186911107746,36.89649028245415,0.2481572079700877,2.1162412782350435,-14.809330472232583
s212,6.587840226849048,30.07390435576748,45.6562382188594,0.25807231455387397,2.3718881504026283,-12.59867993081356
s213,8.654629935848208,13.12080605345394,25.98434139997739,0.6462779283844647,2.5199141314340983,-17.268243945781183
s214,9.152718270182582,26.920805518080368,42.97598471259818,0.28088760744635055,2.8119534010919587,-14.545383756915585
s215,7.24354958099894,18.96727059165617,32.51532101426771,0.37037222647982737,2.1852706518380196,-14.652292983581637
s216,8.2243948686531,23.601639778442966,48.18668121432107,0.5101633155069103,2.1685122947938833,-15.214206314136748
s217,8.433185292995233,16.18393536348365,32.36787072696727,0.6472635567918792,2.3147276840379236,-15.686352919245122
s218,6.552665752336344,28.642600060819326,48.672390313140546,0.33046877909351846,2.3955199948149453,-13.275677670196515
s219,9.407502378462443,12.644817442285538,28.85612185547213,0.8448151083321006,2.365210696957385,-16.40816312041515
s220,7.9257739923693,23.8683810428221,46.61089505532243,0.4343586546385136,2.2503590357618677,-15.156665779520491
s221,8.534475112530037,13.524345404733316,24.25795286880736,0.5849090311240057,2.5090302212384055,-16.80342370915705
s222,8.234594865305676,23.91232874817072,39.33963761795832,0.30550604559779587,2.8035096778716393,-14.453200100962922
s223,7.880941375775051,22.178450637967103,46.50320295057616,0.5418891626832197,2.0816204886173466,-15.283124277201722
s224,6.472435325808795,25.80158106737272,44.549492490427724,0.2878126932869585,1.920419027844645,-13.856473919430254
s225,8.806473631375404,19.773100865113953,37.604200752404196,0.5590066827152333,2.573526672497893,-15.195127891340729
s226,5.250427025852626,33.498585400677605,47.34097606211466,0.2079650134382628,2.366383381325407,-12.121204167210362
s227,7.560609968829537,19.857102392038627,32.42488871611372,0.32383180003434525,3.1085451018128447,-15.262503146514627
s228,8.820696960954724,20.965167691745027,40.024411047876846,0.505940804538233,2.1605030086627943,-15.444988320328315
s229,6.713816846144905,24.62085299603894,42.994623888605254,0.3381871330549948,1.983283155553668,-14.25648540487167
s230,6.907125038995977,23.91587550540136,40.46041951941193,0.2739853338838703,1.9372958376255558,-14.109553589024562
s231,7.532084138779509,20.223067787929534,38.948130554530984,0.3945776132850964,2.0089254606083435,-14.914384807081898
s232,10.845542104516554,13.767562165457635,25.739355352812126,0.5303598863775193,2.2808616955877885,-17.424249986128427
s233,10.126535149097625,23.023527775888876,42.37103010856865,0.44105433952428413,2.363308306582304,-15.831648301479017
s234,8.167152545352431,15.690036195955177,30.776609461296733,0.6273205190395101,3.124923802529414,-16.382937019739295
s235,7.905523281283838,16.449661632622355,32.73645532828802,0.5466555238520548,2.3185248185172074,-16.275864900281675
s236,6.743515130003162,25.3735160510537,48.20968049700203,0.4273822984628756,2.4009562769928428,-13.937751815934512
s237,6.247372820640849,13.175467779632331,22.389081611543023,0.37616493567332127,2.524120544615496,-16.900817446963448
s238,8.393525756868973,13.90696704675631,27.538548607438234,0.616188967327821,2.5571602998192113,-16.876446188185078
s239,6.7978321160644315,30.181066558602875,46.838376517176016,0.23138753640570914,2.1118212152671227,-13.618730338875064
s240,6.125217604829666,31.83695250099146,48.247752759234494,0.2349398484207372,2.2886814225261802,-12.735412915148489
s241,8.437110598657474,20.39404936147135,40.38425616132936,0.43865835694280114,1.9961543144905105,-15.14337202974105
s242,9.141191087255164,13.246819994487398,28.300024533677625,0.804347856411414,2.572829824983906,-17.042142192887756
s243,7.110368496064047,36.13105391672031,55.87479922640359,0.2464699239590768,2.5566714119566094,-13.212595248529556
s244,8.960639198071771,20.585272498285082,29.613900787006642,0.194769701767009,1.8777164798961716,-15.939766218485014
s245,9.014600443360804,22.117979138244003,47.836559531551,0.56247910664495,2.059905390943628,-15.709386001092724
s246,7.721394778722777,26.345154012974962,39.995492879801326,0.23765923467933822,1.9504345931745664,-13.361655003134484
s247,9.279167885286526,15.126584990212152,30.87694668105159,0.621110924333976,2.6668383705081733,-16.44511421590129
s248,8.06971491846373,22.157614508335598,41.59411846301597,0.439703185761263,2.084071755744114,-14.727191175555017
s249,9.138638847890634,23.97589759556867,40.860332522025466,0.35572142035593735,2.5659941152353434,-14.93538393947397
s250,9.177781611997807,13.57586335767819,25.08083230486312,0.5381262713732278,3.1039746183335146,-17.22349336023687
s251,7.870394781824755,25.782029596650695,50.813126292428,0.4866181842073246,2.4199642488952993,-14.660258928895193
s252,8.770650867012092,23.104326062439448,43.91903422679933,0.4383306113650372,2.5289558989597327,-15.052274716073299
s253,7.7716119296239565,22.583304507145378,42.368677482432055,0.4070287021521091,2.058998745392429,-14.624798352931334
s254,6.991295709983373,26.09982330813143,41.480076328994585,0.23537331975267603,2.152952574575602,-13.02879342694494
s255,6.448900498637139,26.461426244877284,48.151119888219355,0.40067606342959794,2.294323907004921,-13.773120184251924
s256,8.136758359683444,23.711160917341953,43.1465387184419,0.41776961195262724,2.2239365837986345,-14.58251483105969
s257,8.044163037644523,23.52188329742691,40.32322850987476,0.3644205382514205,2.102379330895568,-14.521102804471981
s258,8.267362262057947,17.62918470502817,38.65676646162805,0.6223511517335284,2.0878937550314345,-15.468308016325539
s259,9.530213738450776,13.065197298742216,25.05161683887271,0.6868163194470915,2.6420275541095766,-16.394068965078077
s260,6.90839340142443,24.71904367268754,43.54354616188808,0.3363125290579901,1.9892148845641895,-14.242092610901787
s261,6.798586307035871,26.90842084829616,55.53440047414316,0.4867097188439856,2.49464408743259,-14.199139971259342
s262,9.288654608145832,15.203727132750174,35.14627830687705,0.7636076345502693,2.28508619578613,-16.154925642687214
s263,7.9046136491724255,25.553730172794616,44.155342577990695,0.3494372247665544,1.9329223621989589,-14.279008154930674
s264,8.878267557007309,14.223432296066601,24.786422457116046,0.554716061652211,2.3971832237597237,-16.009481450448565
s265,7.78169884632239,14.46505113249,24.270220020956366,0.4774336661290094,3.4215371617806247,-16.362392721151053
s266,6.989431802434295,21.685786558418844,38.23982209919659,0.3677416755613064,2.0326693251863746,-14.578445658379792
s267,8.061182480791835,13.49251161878886,23.951822951183303,0.2844615084147924,1.948552453822725,-15.75409903109665
s268,5.673098856155892,31.658059894459516,47.32879954221695,0.24617925611315836,2.4573801809585674,-12.27757272251924
s269,7.919308449877067,13.500973240164656,29.19977933337935,0.7545039895854698,2.5194333602561465,-16.2270090036622
s270,8.93067144033036,20.65121357132782,44.94675894936054,0.5323865347095175,1.9985908700355277,-15.464094448827357
s271,8.202529880757444,22.957031903062546,36.22699254067098,0.27917783698030774,2.0117613755584682,-14.228868876407178
s272,10.142806931232032,15.472556226630397,31.589802296037064,0.724341035059011,3.009681775478721,-17.46656343532695
s273,7.742462231090613,20.849651957198365,40.507895231128266,0.41512385329854967,1.9767347361296308,-14.836853477354234
s274,8.71845326748473,19.565008692281502,33.540014901054,0.4078100709060619,2.1753240982090936,-15.359035057839836
s275,6.758060022913812,23.8262508244943,38.533813061836405,0.290186229375108,1.9853669540745946,-13.827406734991971
s276,7.20479540455593,23.08124788931849,45.7099222906111,0.4343832653227385,2.0575683089066623,-15.152275134917339
s277,7.2407885539207575,27.16763083821718,46.573081436943745,0.36053603619573943,2.7982041406692013,-13.730964327803525
s278,7.732713927709626,24.669412571808525,52.07987098492913,0.5386579314066219,2.384829942577691,-14.807082765249962
s279,6.8943158599474526,20.30178426840423,34.259260952932145,0.24241100845082172,1.8553848791621814,-13.625157168284188
s280,7.251441304396424,14.45365418270332,26.599582067327937,0.5020563081628557,2.477546863765805,-16.487142649928664
s281,9.298944845690915,14.150192702909305,26.041110940648203,0.5862124521923939,2.4265898757733355,-16.696652604553535
s282,7.403392232409992,23.81254560214315,45.84471396300456,0.48460259425310354,2.208913598163871,-14.379519062300238
s283,8.591867226752916,19.6728146954328,30.78739926912366,0.2729847671322716,2.4725663170412173,-15.69054308092746
s284,7.4810451858758205,25.12240188673652,44.108033846942035,0.3680695358277222,2.3583012863904713,-14.082448616250934
s285,8.276906745695372,23.639974396896612,43.30684385313834,0.40139944183262866,2.2931989981586485,-15.071188658863322
s286,6.8164786738474366,13.343530662035489,23.553353365562632,0.4239569469219701,2.9625382402065865,-16.071671694037253
s287,8.454699283037474,20.670759659413388,47.171733581738295,0.5864126062697189,2.0123993193173537,-15.215303104872119
s288,5.729929539429917,29.96752482309666,48.58089427843625,0.2874453740567424,2.5116663638990895,-12.411134148095657
s289,9.176267726033526,18.913772742042546,40.43634172436676,0.6345903127020073,2.27914479736942,-16.248046964232838
s290,7.541092158095853,15.935911730763586,23.824976944012885,0.2491839300585317,2.1233066248792065,-15.287731607245455
s291,7.781618694960636,22.822596091939296,50.93335469298646,0.591305604483952,2.383121537643158,-15.04225897760969
s292,8.886315439570353,15.952111106362167,34.50107750910887,0.7380553362438086,2.885403865882872,-16.51062533511386
s293,7.898795859717912,22.87086178714388,35.79225262733818,0.3039761757878205,2.61919803643005,-14.11632155619445
s294,7.1279909633808405,20.048428283143604,36.37819648151057,0.45569485055554754,2.09927563434901,-14.593300087010924
s295,7.357514929176067,23.966504452136952,44.62728415225504,0.39094941963544727,2.0825712046621376,-14.978919989284284
s296,8.754680400252976,16.279913688002544,29.434083947908594,0.569903105917332,2.574095119643706,-16.35096107524269
s297,7.045816821790092,25.014912749283592,46.76701079213893,0.4488817939617953,2.035580474088538,-13.94044684088756
s298,6.748504292664543,26.454472005179213,43.3652420844393,0.2778382921049836,1.8872639113401353,-13.906892812602464
s299,8.1682295479204,13.731089122802647,25.467062732035718,0.5368181668821485,2.483531400569895,-16.918799230723963
s300,7.568844809162906,20.401794536908945,37.262781757494864,0.5164355663192972,2.947571822954262,-14.947925653534291
s301,8.722642962546887,23.008323070426886,41.71427678622109,0.42403455318243,2.640018747356001,-14.983053729142098
s302,9.059415660204463,13.501265096400983,27.70572108323951,0.7434959106211716,2.5351206170168865,-16.880390876997872
s303,7.309740236243639,24.856161956064014,40.587910029522256,0.25883206814048726,1.931528184456367,-14.354356859842941
s304,6.656278208297028,22.447564557540446,36.74537637762996,0.33808020938557437,1.9408536537765628,-13.507716396244316
s305,6.630881819028101,25.900128931741666,37.50244913193366,0.1747557808577064,1.6475546633438647,-14.49460775327996
s306,8.3861845991494,24.347180487873683,46.460674692456195,0.47788532503629655,2.387041848424274,-14.718310194358057
s307,6.444901771340923,28.56312061476941,51.23226395982455,0.3757670599756844,2.472967996453383,-13.448745495228456
s308,7.197390841054173,12.512510156831036,22.190154731255046,0.3871627139528176,2.6439690433752534,-16.386181090063317
s309,5.929492224601515,26.988486471948654,44.582246640370855,0.25126255072108017,1.7653729128646287,-12.79304785757977
s310,6.940414449799037,20.91638888895043,36.18382603416971,0.3471101707791613,2.147338554974622,-14.690692985144915
s311,6.920999607261285,26.753501416657258,42.33348165341646,0.27546316237923363,2.137130144662918,-13.683137701518406
s312,8.252266885096375,15.05315417545491,28.49347040353963,0.5326337962909574,2.3819057334483253,-16.59858795839794
s313,6.372017013205046,25.551037085977804,44.860599463930484,0.3390892607546219,1.8271309747610411,-13.305840082794447
s314,7.369033865428129,22.036835570903463,33.70339557902886,0.2259335495024083,1.787004126115495,-14.801893588240969
s315,9.291950472832553,18.276760691157136,36.021188546649476,0.5112388646176848,2.0972904714557137,-15.798089676570209
s316,7.005653338045511,20.09158183647293,35.822200173556396,0.30629663431251275,1.9345877913562166,-14.091247915428184
s317,10.408908507193237,12.758046128049227,26.62548757158097,0.7770768926755256,2.3820542634088078,-16.738430592999443
s318,7.074008304038459,18.3842214188255,33.06194658385553,0.39784134487843187,2.2019887972836916,-15.533605561276042
s319,6.552373721340865,19.729055631074516,33.525598030427325,0.33861661344290345,2.0710051498536832,-14.420710047560508
s320,7.727734298255436,14.84413876129548,24.31524570101777,0.33627298443510756,2.777267648978787,-16.5217386871527
s321,8.611383655345886,16.414208859768262,24.01337962817949,0.2352878900108863,2.0724962727592264,-15.466782840731575
s322,6.042793889490908,30.743250393399393,45.816397430939894,0.24365785123150618,2.284796990536027,-12.608099184290216
s323,9.508743222439017,15.205787137751884,28.782382796458933,0.6468505750517445,2.7450235086693358,-17.125575669663046
s324,7.912366987098065,21.66150803334833,46.80877598010904,0.58749083035359,2.100724069723807,-15.276671937556603
s325,7.87733758476188,25.50510531913069,55.92685744676852,0.5442248250344002,2.595113909157956,-14.623809084823248
s326,8.470634370388495,20.49971745628333,33.17227006562212,0.3251406192717472,2.084169369583295,-14.941192281235242
s327,9.172019619121611,22.580006793782427,36.21062065100479,0.30210277336588,2.3402583410964914,-15.043675981324313
s328,7.596000342098184,21.568147096495686,34.71945630167598,0.31245747463460155,2.0556388404500416,-14.207355666357248
s329,8.21306886132908,19.238881633439586,34.66052484754592,0.5364826752307741,2.182169097073005,-14.960794775526415
s330,7.82683774124063,12.245951011484317,20.491558025883787,0.3417985755624388,2.185955773857905,-15.789881470754484
s331,7.527158850146676,26.41175772524527,46.12202468438359,0.3885566612125242,2.3611319302048086,-13.911807552932364
s332,7.703333139420747,23.559550872740072,44.57212327275146,0.47317167484851425,2.0048247804500314,-14.287794354305653
s333,7.933721737534466,15.271361158916573,23.062871954282187,0.2527921107355813,2.2105966513253983,-16.150439904794627
s334,7.188393300762235,24.832404773045745,47.00419474897947,0.435871203625183,1.957068462199691,-14.24218739063992
s335,6.859933586787644,26.719994072065916,42.43763764386942,0.22825149293520994,1.8776555638741241,-13.954858732482444
s336,7.760654861780857,23.820211894809628,38.25670395227005,0.25820498580054124,1.9939626970914506,-13.760167000741086
s337,8.475747430421777,16.10329085774585,24.702954038322186,0.26897831395970206,2.658259797076787,-16.615375774836615
s338,7.638070685064786,24.41274557443858,41.72674952794109,0.37630464655565965,2.208572924728656,-14.069173300074045
s339,8.1224582460516,21.610089202449853,34.1740945527114,0.28153775839761597,2.068256944793446,-14.40015264581368
s340,7.717275084186167,19.275583849757943,33.87829888745334,0.47947645882251144,2.107294541570638,-14.489713136464472
s341,8.593537090705233,13.046306847680702,26.223076763838225,0.7381421265985154,2.5899760485206307,-17.048234864641813
s342,8.110773733155243,25.422122819887957,39.28873526709956,0.2543673183235993,2.284246885110904,-13.786980052768227
s343,6.079270586999654,31.690080611693084,52.958591089339464,0.3350037997296292,3.0190298793786,-12.82187662277631
s344,8.557782774232033,15.020032881311495,25.641341847381785,0.34998360180145033,2.3890271451629856,-16.04444874790081
s345,7.924144160269485,13.437223476426352,24.95484359907753,0.6162838238406443,2.5161180074865475,-16.51729679491657
s346,7.248541491515182,25.210790757075245,41.90667867566811,0.3723346704920029,2.325945505265706,-13.664982061690036
s347,6.930818671281991,27.89382598345148,49.35061520149104,0.31595941837946445,2.2852872340702137,-14.169201322553004
s348,6.794959143936325,13.91000478064715,22.769880437110313,0.3327640609536819,2.433074534838114,-16.550532435504035
s349,7.284750641045562,18.76443006857673,36.13890235429596,0.4988946011547188,2.0203136867375955,-14.360895180945805
s350,6.663519745514736,25.378295025366924,42.64244130112677,0.2985986348244859,2.17033740082119,-13.284576510122278
s351,8.512129981744364,23.80519140895551,41.97709324785286,0.38830010755814304,2.6649570151078747,-14.663533387059152
s352,7.721505815810622,23.3990347119492,36.04716158327309,0.2850107554228351,2.2278973366953703,-13.804944336931404
s353,8.751736191002196,18.794173695043217,37.77818752842024,0.5918626364089787,2.540694990727153,-15.840397161102869
s354,6.217395845334911,29.059914038112833,41.63996340526124,0.20812019574812912,1.7785363060139474,-12.858940646380331
s355,8.323306621275213,18.269361644052708,29.209099155461505,0.3308317566117154,3.0431500594369685,-15.826099687057459
s356,9.047137982578803,15.044505646715209,26.441858409378273,0.49538928641121505,2.363966783666004,-16.768214020796282
s357,6.848837355080171,21.868448213101455,37.377985952889695,0.26500726753406634,1.9525194434129693,-13.715382748871486
s358,8.1192010415586,23.08488254785143,48.734752045464155,0.5569419879150591,2.0271546216030227,-15.020194860561023
s359,6.418265162131758,29.01402825573085,45.40613461490082,0.24302429616999133,1.7681908365382317,-13.09300572816658
s360,6.620669306778614,23.811216647003707,40.18142809181871,0.26787504478101676,1.8267357503538708,-13.327596748054537
s361,8.778951918428461,23.56934339534682,44.21859114879227,0.45914178252614857,2.05149917331038,-15.077859129167424
s362,5.934472285960198,24.907945676952515,42.90711810044377,0.2971130743772605,1.7461596446113115,-12.87159809181426
s363,9.493988803345836,12.16163049396383,23.128815135841922,0.6070587213233716,2.349257243558716,-16.57712579031443
s364,8.161047445680934,23.435964517142576,41.0569904698813,0.3780234950246679,2.1246073658156304,-14.76732359161688
s365,5.926861909072736,32.94737476145197,55.598694909950176,0.3496638129183832,3.101459582196497,-12.767623840287921
s366,9.366972015961432,23.203360251560216,44.65552350300265,0.4709385822548368,2.522054978929566,-15.578120770079465
s367,9.3727631322252,16.514297407461502,30.27621191367946,0.5848741799449664,2.3370117740986345,-16.432119373386442
s368,7.938991167484299,13.117007284420804,25.15095892150411,0.518896999769295,2.199277052528778,-15.87808942619374
s369,8.059705699711495,26.930530529152676,40.0036036015569,0.20957516749537303,1.9197484395056843,-13.345097504180268
s370,6.068468111134001,24.697745706552315,40.89561789071977,0.2743109053186696,1.968082430631857,-13.897416356486294
s371,5.936007547918428,25.325041766390484,35.43503867708391,0.1786841353174059,1.8341220709922645,-12.24387315119496
s372,8.024007697105988,21.356908295314838,36.18809461150572,0.32452522798671624,2.0359438050808083,-14.390317706252603
s373,8.221379281247088,14.253262275441772,24.04632002931674,0.4217293832089545,2.495677349505875,-16.35455326754398
s374,9.462123122270452,14.221395136725073,30.36028175255913,0.7273602038574304,2.5158758741064653,-16.566037652260245
s375,9.029299524210273,11.969080209226533,21.319924122684757,0.3129044142198346,2.067013966869043,-17.025742876005847
s376,7.409075999391759,16.95152973419803,24.055697797077727,0.2250878684625059,2.020929034286979,-14.209678581752172
s377,7.01680815533494,25.732577306175923,41.48403371783517,0.24523469341335058,2.223789974491885,-13.355197323219073
s378,6.142600229462223,25.216806933152817,45.51326129398313,0.36791006129375303,1.9950996481092587,-13.12943052714917
s379,8.573372202849674,21.668306729816507,49.09654309667282,0.596187980199889,2.069850324846741,-15.738427313888364
s380,8.868996540080058,22.80647300543622,39.99642653938444,0.35088296845680766,2.4580683895300153,-14.831233544663672
s381,7.981370253273373,19.79241825923221,31.525648245244128,0.2909483193650179,3.06225361784862,-15.340084878379164
s382,9.487143068480055,14.395760917490847,24.122626402281963,0.5173609195833254,2.3787380436466377,-16.16955683505209
s383,7.036183723542369,25.45546530361209,38.57282242435095,0.2429515797367488,1.9683273237529002,-13.0243596093534
s384,6.725591355516808,17.937280615556997,27.969996892054997,0.2550688838559433,2.213162377180797,-15.502941408563634
s385,7.069134196012672,20.086614702663628,35.07662567480067,0.45857197676571204,3.07925269382711,-14.622555005099418
s386,6.599616405967378,28.034057448323946,48.202444101794455,0.3248192141711656,2.3606969989411826,-13.546943418984505
s387,8.402005322516452,13.366585264294297,25.619288423230735,0.7174094400203258,2.550924508631188,-16.485043935502315
s388,8.831235122137072,14.230307754129692,23.78084987099524,0.47380300023135524,2.395745518541039,-16.35539967920453
s389,8.112710918624135,17.955636392213506,32.795005311398235,0.3084212876205759,1.8674588453974854,-14.86753558001227
s390,7.075054899303263,31.51591737596625,49.499576443608085,0.24214918986943096,2.250351458363318,-13.714385380089645
s391,10.835215667148816,12.614961716044148,21.756238321873237,0.3352668050110157,2.235885158130837,-18.274012077722706
s392,8.639284952951368,20.427142934270716,32.35281597682179,0.344201464907174,1.9918108253448368,-14.960524584731436
s393,8.187661597223277,15.960105788131653,27.360181351082844,0.45756302578817554,2.633901372285655,-15.859602989063347
s394,7.533410495508531,17.30170919541915,37.41997570172045,0.5836867885751138,2.0347700582104946,-14.887745578236753
s395,8.086186526433648,19.580015160995703,43.75287338444725,0.6169783228447389,2.1413514498758035,-15.770686153640652
s396,8.3188176285362,24.062589848174497,48.125179696349015,0.5110855428239355,2.353784682108354,-14.830799329907792
s397,6.053447504961093,24.939702538961377,44.89146457013053,0.34087699251310527,2.172050209201122,-14.203853373664831
s398,8.575793719359542,13.492100575956135,28.318584725358495,0.8147627038784845,2.8063763629155316,-16.58928924334047
s399,7.539727431077754,20.508716292989156,34.047149924308805,0.24540033559578578,1.8507114903764619,-13.881290399319873
s400,5.7135654179853805,30.62074144154551,49.21861507782158,0.32619602349720184,3.350860279274458,-12.815921954523729
s401,8.562067576269989,21.22771743729675,43.33992310114754,0.47575055649511594,2.0128513773977392,-15.126822709623765
s402,8.936960046647913,13.301676676670999,27.30344159948257,0.778117469098622,2.5598320311201537,-16.775805352871817
s403,8.231611151560212,15.77023676367063,28.61534896633783,0.4841995244340107,2.2747766123740463,-15.929270403029836
s404,7.071407416805357,19.011254012278474,33.86379620937102,0.35247705936148055,2.2276749002185423,-16.163739048867672
s405,7.590391965396407,23.198653604099615,39.88833245596983,0.30410428532392386,2.0215199172350955,-15.020746505508077
s406,7.881837397415391,24.799234999110283,43.21631393227312,0.3960995122718684,2.1208522664064375,-14.149776429506344
s407,8.303250945500546,12.191649609641976,21.42774779876469,0.3469551731769654,2.1741474446608717,-16.55219633009565
s408,7.009104660648128,32.08339536941635,55.16497477187419,0.3065426449170897,2.5452858211347995,-13.76243011238371
s409,6.147217409173023,28.133373018420503,45.71673115493325,0.2723307024430212,1.9753053385615755,-12.999981584707108
s410,7.175955999948192,28.208991470890105,41.836523582431205,0.22444147687192512,2.154127556652713,-12.875468817863656
s411,7.971449259276857,19.97626033175323,39.952520663506505,0.5199691916345117,2.522026915044093,-15.15776876104137
s412,7.083395943222082,27.792949981503885,41.28070511958664,0.21801121844898144,1.8670986086541632,-13.10216228524447
s413,8.842278764499476,15.120190625488979,28.043430476334226,0.46804436577654795,2.433236253671654,-17.118158062738143
s414,8.236521274664716,13.992418335806475,27.984836671612918,0.700840630468215,2.48913628611332,-16.449885987479618
s415,6.7117906016954025,13.603841576002454,22.985801283590362,0.41141875325236416,2.5121490991088518,-16.195538799176283
s416,8.681343376413128,13.093542015308723,24.172692951339158,0.5309950763248777,2.8435080511366717,-16.70132919253141
s417,8.941667701263434,22.5616734531039,33.51710142792841,0.22516403027514525,2.3961869512356677,-15.461295711447137
s418,6.695075616501306,28.89599551193161,48.615560016695795,0.279091694810399,2.239352471370461,-13.608991810905726
s419,9.400885827376655,22.66521955179097,44.877134712546074,0.5075146480307137,2.386255768003515,-15.764015530913088
s420,8.56267655357616,17.707587355724524,31.54163997738429,0.4797303192498707,2.2529257205640048,-15.726853939781085
s421,8.185941305386338,14.647812274893301,23.150278020664686,0.35610372446777117,2.3129586691812114,-16.120005107931085
s422,8.964835207883675,13.821081357088433,22.9448017300684,0.45834933661518557,2.355310838399877,-16.094045344775683
s423,8.302673349254253,21.643738274866,43.729185494116976,0.5250105470715715,2.054918618656076,-15.19895534547688
s424,9.814316355347884,17.65527161827031,30.176740851086098,0.42846956438490547,2.2336521762606143,-16.321643099375063
s425,7.885793734445041,25.225509887157997,46.94138361610274,0.4614048499731965,2.408386793556517,-14.445660568326458
s426,8.48100445738979,14.225335291197597,22.846750619196175,0.3436163195776948,2.5321793985775414,-15.922077117367534
s427,7.795226665384871,13.448073905948666,22.596423501832106,0.4202079436364091,2.6075332040604944,-16.52858363203112
s428,8.398797377583982,13.382908321710465,26.0082935308713,0.6905717920592388,2.5838138168269844,-16.762439519471602
s429,7.1861389277472085,14.465496017201732,24.341938125498068,0.4534571344634047,2.359375974337474,-15.397882321615278
s430,6.833960646636928,28.192376216734587,42.28856432510186,0.22316245686001865,2.039644407286801,-12.861679513625122
s431,7.390457516217788,21.331317787842696,38.26093507978132,0.38645468873476985,2.0256746781026655,-14.53473211914181
s432,7.999776892933866,15.519388233088637,30.880415361758008,0.6727478307800617,2.7237805419066023,-16.367333318624784
s433,5.862579461554933,27.860832765438538,43.84915156833221,0.20991217553204952,2.084308982200665,-12.62474385020636
s434,8.680187023727038,16.720292971855795,37.362629974146934,0.7212978248430368,2.792444182157336,-15.712908106564743
s435,7.693979014707818,16.47955017083508,37.60717859498264,0.6818158134536246,2.087670749551372,-15.120444901777692
s436,8.44638016337182,13.52204797390782,25.081218016119355,0.6342185223285607,2.7448432249982972,-16.85711603759757
s437,6.191980467582499,26.159732481203502,50.62392674603275,0.4177258557155033,2.347499674583701,-14.024577644973627
s438,7.169823420919183,27.109886499316307,45.8782694603815,0.32145406785308717,1.8502239420797295,-13.732120498510183
s439,8.135966616832388,23.639540369962,41.82380219300966,0.3897410248944046,2.0683875522889714,-14.601727322662068
s440,8.56895425825106,23.716738768215336,53.818753358642454,0.5794035620121527,2.4310615067093346,-15.174823956292848
s441,5.380576461324928,35.08697566839951,55.02275729817195,0.3004456147651303,3.0250210376121083,-12.178123940699006
s442,7.5785565571707725,28.247887694275537,43.78422592612706,0.25822466937204325,2.464313486285984,-13.513364342274873
s443,8.319986488357083,12.96690863491804,25.310408200849658,0.6683460783312959,2.4335724802064047,-16.19423709573005
s444,9.234524663484683,15.734651066164671,29.048586583688618,0.5606758079838965,2.3468322478122947,-16.76731171959576
s445,6.336929161014193,25.366097460002994,48.03845005699683,0.4128288983262781,2.322523344796611,-14.017705466790309
s446,8.404289319354383,22.938184222164313,40.489370634577895,0.37324798311347795,2.374195159856643,-14.645847612115329
s447,7.540405188935314,23.156832671873556,40.56798505674088,0.3457203943672808,2.271629426862884,-14.914353587340358
s448,9.51771592331136,16.603163458905527,35.2584033003724,0.7185700553952451,2.73254663638157,-16.650923450444992
s449,9.462405588097198,14.509885916829445,24.48543248464969,0.4362224376421141,2.326488465050292,-16.67139557466283
s450,8.153041674506058,22.959407791001727,41.54559505038405,0.4154378055866216,2.0847654130485753,-14.812105482189734
s451,9.329126622336883,14.048080292452651,23.04619708108243,0.48997681767343687,2.433195825481273,-16.31743950609136
s452,9.129486362202154,25.851124462941968,41.64903385696209,0.30602661600863623,1.9562906871867503,-14.432999719123176
s453,7.295585150786962,15.064674059810923,24.42161446963139,0.3297377424169135,2.860886199820573,-16.120129134909604
s454,6.858125579919541,28.163260594607888,55.24331885865393,0.43424820882812426,2.549286954666766,-14.138495812422846
s455,7.63014561251715,21.72904302748308,40.62386305138142,0.42859107654216083,2.0594521884959263,-15.070496283722601
s456,6.870587408604186,28.485244000050898,43.469669229244374,0.2320219999039545,2.2599167730848384,-13.221570770169883
s457,8.70930330760137,17.212596117257068,40.472861140577415,0.738520019298918,2.233595771743824,-16.076941717666298
s458,9.432110957558056,13.732212908134505,27.88479968080372,0.7772960739588116,3.0187081584278905,-17.064028865789197
s459,8.432831779525623,24.65282719666355,41.547771709062346,0.3264013449334234,2.577494744025949,-14.47080446629908
s460,9.814185151987173,13.74125645661317,27.086130515439415,0.7351539758867967,2.9430504513449063,-16.907062843132522
s461,10.586220950713237,13.94571521041708,30.32382260869761,0.785608153838676,2.4999982817998,-17.720513140138824
s462,7.495723317588676,25.70737169079836,41.59920146329186,0.26255534646181444,2.156527891727477,-14.132232360435024
s463,7.609833785681915,20.734319983342658,42.55991996580863,0.5243238021412268,2.1172717610461946,-15.354207614457918
s464,7.8907853501040455,23.63268739839919,41.269021277801585,0.3695399691057013,2.4153391232675387,-14.58200954714616
s465,8.101716901858527,13.972526637735161,24.322546369390846,0.5340968015259444,2.712801552258832,-16.38994424372458
s466,8.50395790105017,17.3733407085302,37.84906368644083,0.7065942154505702,2.706291899479183,-16.234860483405697
s467,8.77687210592895,20.271284910863056,34.40408213745072,0.39427814278064344,2.1218949071666944,-15.074370916844487
s468,8.296251474093141,16.352068184699828,29.227712424620925,0.4090148399893083,2.0655863950585647,-15.379921130235381
s469,8.135421989210137,13.86536144575976,25.801629125152935,0.5907598251682972,2.9768196168038643,-16.88831688844773
s470,5.618320881130678,30.208733152250538,45.016935677863515,0.2520760056178772,2.087322138913292,-12.469059364951253
s471,8.569573447482325,21.074860306448887,39.37671267783868,0.4624320060904137,2.763997065569707,-15.604708333985707
s472,6.072046890032473,28.9324867189732,44.16011130790646,0.24651771240108422,1.790693937296201,-12.587198157999234
s473,7.830447389920017,22.09384098377545,40.203546708181605,0.3503510900510377,2.0912341582874383,-15.74141284760104
s474,7.469243490056481,25.370982424777434,40.74733540949105,0.2577790722255614,1.909017235382326,-14.195033486290571
s475,8.318149001458778,25.36007548626948,48.41468956469632,0.5086324790427209,3.385244892013798,-15.206459644103566
s476,6.22292265589393,22.18827083777318,34.181930750083055,0.20906054497608625,1.7024615444903437,-13.642112910085508
s477,8.21719896144907,12.666807802398242,28.304842126346724,0.8627179540915041,2.499490490817736,-16.22440908019061
s478,7.878548338253153,22.555016799907747,38.50463582269963,0.3795348522123535,2.2243985889998754,-14.506589757247223
s479,8.471117653727315,14.633847712797454,23.177307938187894,0.3401421168257149,2.653957822341039,-16.61904461415436
s480,8.78893193346355,27.106253051560913,52.42247052424516,0.4576519622574364,2.79278309954776,-14.92790201790967
s481,7.201552827553867,26.706013311020026,51.68108131484436,0.47275361792913045,2.9328505114986787,-14.205222050490592
s482,9.025684771327004,13.314372227473873,26.36767833284043,0.7469572037403222,2.555170856994011,-16.707107387676363
s483,7.451959091409009,15.65788494709486,24.30865011123568,0.2638313897106644,2.1452215561526415,-15.906854784202357
s484,7.406391163480201,26.913580025354154,43.67109211661243,0.2967983907827688,2.5358562887766842,-13.634144993741474
s485,8.642506290346587,12.162198447116472,23.528739051898217,0.597855018163551,2.3796260769398954,-16.53312124543369
s486,7.287383935444625,23.181168776859067,37.347438584939574,0.33131907954982864,2.0371661853791916,-13.699166910948247
s487,6.549497435575381,25.81407338642851,48.45799740961141,0.39638917624742126,2.2800436715404806,-14.168601206888912
s488,8.939559772053034,17.167847087048354,28.498626164500262,0.402066079231252,2.235664249277023,-15.6771536474037
s489,8.089270018649804,26.15087785725909,43.13196737495976,0.3085983061857823,2.7269167930024434,-14.06303277722796
s490,6.103634610389383,26.791193401212848,50.057229775950354,0.4664275925472036,3.068656534626295,-13.595703233311445
s491,6.4284596943592,24.01415423285061,42.67130482914224,0.33206120894105257,2.2339109899341394,-14.455743679695235
s492,6.775298853558021,28.305012705137948,42.89978488122471,0.23815822331577238,2.0457266706828,-12.780354030656657
s493,7.161099660211799,25.77309015404693,44.957570795029206,0.40355286787383116,2.4054970239583473,-13.82187883962455
s494,7.641040789468175,13.025950171369704,25.314582408510944,0.501014978177974,2.1396056227516036,-15.386510671063727
s495,6.021639983361159,24.866915271240646,43.01794831594187,0.2841644157587383,1.915531727970309,-13.001751003056436
s496,7.479629559152682,24.342565465821767,43.360194735994966,0.38729001287591264,2.2284658270800035,-14.066710797546767
s497,9.12100858724063,11.97704301920476,23.954086038409546,0.6013801274049536,2.280670515509322,-16.563492489540717
s498,5.870774786302587,28.682391267221995,46.49754112263938,0.2579724655234595,1.7768206521824972,-12.8931122552177
s499,9.939336331759584,13.355947479630622,29.844771528557285,0.8929784598299841,2.54180284271933,-17.034915816349145
s500,6.220668732584718,29.846466324222153,47.61222008864009,0.29872294509578073,2.6478243581195224,-12.890980347006165
