sample_id,E_T,S,O,ln_D
s1,9.627351630837904,0.0,0.4583333333333333,-15.755912113046147
s2,7.942391979192743,0.06372549019607843,0.44607843137254904,-16.76053957577113
s3,7.1905866361371,0.5110132158590308,0.0,-14.695191396785987
s4,7.801448301236565,0.504950495049505,0.0,-14.824906409440976
s5,8.469161610331188,0.0,0.5515695067264574,-16.61617250197141
s6,7.909389765119206,0.0,0.367003367003367,-14.349206197546161
s7,8.0692405213746,0.0,0.453551912568306,-16.503086890381628
s8,6.51438049288622,0.5530973451327433,0.004424778761061947,-14.588913920328613
s9,7.069246192646957,0.0,0.60546875,-16.017037557408223
s10,7.182828748758404,0.0,0.5575221238938053,-16.588117866644577
s11,8.281712320055306,0.5211267605633803,0.0,-15.063673362411775
s12,8.667136914414131,0.5145631067961165,0.0,-15.498210898800634
s13,7.633522070371748,0.46875,0.0,-14.531482963711055
s14,7.349146862996486,0.54337899543379,0.0,-14.651697480634432
s15,8.730252119237013,0.46808510638297873,0.0,-15.811978797280311
s16,7.663568812540761,0.0,0.5756302521008403,-16.193155002158832
s17,7.397981103859396,0.0,0.5833333333333334,-16.84922037807049
s18,7.634343129458566,0.5942622950819673,0.0,-14.265361830187556
s19,7.9082384942055315,0.28699551569506726,0.2645739910313901,-16.067514133853038
s20,7.576517696383075,0.0,0.31683168316831684,-15.024453484498173
s21,8.53270510116396,0.0,0.4264705882352941,-16.358899432754498
s22,8.329116670513413,0.0,0.4791666666666667,-16.098593606896927
s23,7.493041833870397,0.4780701754385965,0.0,-14.256990563905111
s24,10.592199244577964,0.0,0.5333333333333333,-17.833692996875204
s25,8.578651914394655,0.6086956521739131,0.0,-14.37292967204356
s26,8.14443802561442,0.5429864253393665,0.0,-15.07280660180631
s27,8.510120168948882,0.0,0.5217391304347826,-17.27846250712225
s28,7.189133078527061,0.43119266055045874,0.0,-13.978379869808803
s29,8.503410813013494,0.0,0.5283018867924528,-16.428931683746526
s30,8.142667393573289,0.0,0.5638766519823789,-16.82966437283499
s31,6.927212409606008,0.4449760765550239,0.0,-14.207463675360263
s32,8.836093594042303,0.0,0.609375,-16.933305324103753
s33,7.781799073840278,0.5446428571428571,0.0,-14.744612082763277
s34,8.75247391945513,0.0,0.5714285714285714,-17.16094441986192
s35,7.714609048750617,0.17857142857142858,0.2602040816326531,-14.907813290922618
s36,6.25641499796306,0.3779264214046823,0.0,-12.62179431497255
s37,8.317250646523553,0.0,0.4342857142857143,-16.44088958394727
s38,7.621094284411799,0.5992063492063492,0.0,-14.612385587972822
s39,7.863121891718822,0.48186528497409326,0.0,-15.016226279555987
s40,8.588951308381437,0.0,0.5113122171945701,-16.233970188786056
s41,8.466791260314862,0.5020576131687243,0.0,-14.773666350374278
s42,6.965545209929878,0.28078817733990147,0.0,-14.223114459349283
s43,5.742710398507013,0.352,0.0,-12.589845608342173
s44,7.657337843103465,0.0,0.35051546391752575,-15.962999949624969
s45,6.929642414952987,0.3469387755102041,0.0,-13.487877008876485
s46,7.4079816446784985,0.5327102803738317,0.0,-15.42057609084416
s47,7.4779164198916375,0.38308457711442784,0.0,-14.363074992320104
s48,8.065752072747419,0.38333333333333336,0.2,-14.886735192184851
s49,10.146892179226201,0.0,0.27699530516431925,-16.709620968201843
s50,7.545430289743591,0.5726495726495726,0.0,-14.700583556594573
s51,7.570978629679006,0.31007751937984496,0.0,-14.221248994278127
s52,7.795687486574141,0.3333333333333333,0.0,-14.455269338758534
s53,9.562441706215767,0.0,0.2962962962962963,-16.89013290841563
s54,8.280447950103838,0.0,0.6254681647940075,-17.20944815722343
s55,7.825727923778901,0.0,0.5175438596491229,-15.625666807066917
s56,7.118939478946283,0.33649289099526064,0.0,-13.98744736555374
s57,7.87184986393648,0.5042372881355932,0.0,-14.226721854415624
s58,6.730625541378074,0.39171974522292996,0.0,-13.128456062247029
s59,7.346597587321452,0.0,0.5128205128205128,-16.197024854784633
s60,9.160102121533143,0.0,0.42934782608695654,-16.72765451482195
s61,9.473309271873642,0.0,0.3242009132420091,-16.50980416381348
s62,6.148514364065349,0.35185185185185186,0.0,-13.80421394955886
s63,9.742882945859217,0.0,0.46236559139784944,-17.27933600205615
s64,7.769754107745993,0.5120772946859904,0.0,-14.949588123724832
s65,8.9111807659691,0.0,0.40703517587939697,-16.239225489812437
s66,7.1192439903302756,0.4134275618374558,0.0,-13.677373383509172
s67,9.128092259359644,0.0,0.48148148148148145,-17.411462325920176
s68,8.853260947322894,0.56,0.0,-14.877118886172072
s69,7.753079548340686,0.5652173913043478,0.0,-14.331869669902717
s70,7.49323280261016,0.4010152284263959,0.0,-14.952781334373345
s71,8.175332159116204,0.23737373737373738,0.25757575757575757,-15.701559865088017
s72,8.44220422115419,0.0,0.4708994708994709,-16.392066794170535
s73,7.424144002640064,0.0,0.6206896551724138,-16.561591758528973
s74,8.574295382843832,0.13526570048309178,0.38164251207729466,-16.16936532813614
s75,8.365063336741047,0.5689655172413793,0.0,-14.7692533305889
s76,10.06391557310598,0.41409691629955947,0.0,-15.54181169575925
s77,7.611996221847688,0.6376811594202898,0.0,-13.556231325553487
s78,7.070887086618086,0.0,0.47643979057591623,-16.131532445300216
s79,6.66164388214787,0.3220338983050847,0.0,-13.693321238727007
s80,8.617523239859635,0.4318181818181818,0.0,-15.961038713945534
s81,6.646048985579415,0.40725806451612906,0.0,-13.710151023292028
s82,8.281343998915766,0.0,0.4791666666666667,-16.185140687374012
s83,6.763183164861317,0.26576576576576577,0.28378378378378377,-14.63129145817202
s84,7.178957498760083,0.0,0.4517766497461929,-15.583444359590429
s85,6.812443708937937,0.0,0.334841628959276,-14.366669266645731
s86,6.698713350829386,0.44398340248962653,0.0,-13.40858470992052
s87,6.967323671826372,0.0,0.5165876777251185,-16.904500939984523
s88,7.753117596667242,0.4036697247706422,0.0,-14.348796287974926
s89,7.649105010968406,0.5145631067961165,0.0,-15.034794736009978
s90,9.249949326069649,0.5875,0.0,-14.811799431990577
s91,6.408188336154115,0.4349442379182156,0.0,-12.886099257831914
s92,8.648605247617484,0.2681564245810056,0.17318435754189945,-15.808242754139789
s93,6.379429753159395,0.5942622950819673,0.0,-14.081327445249832
s94,8.16873537744894,0.609375,0.0,-14.175957480766638
s95,5.762343966074309,0.33617021276595743,0.0,-12.900278116957384
s96,8.83225100907908,0.4897959183673469,0.0,-15.639741522240698
s97,9.864920736579611,0.0,0.3595505617977528,-16.49006866380947
s98,8.36771699660819,0.35609756097560974,0.0,-14.74432582637551
s99,9.525029255992946,0.11398963730569948,0.27461139896373055,-16.17902320789352
s100,8.304615691286356,0.44554455445544555,0.0594059405940594,-15.88005443066773
s101,8.213920025343791,0.1148936170212766,0.3659574468085106,-16.066272541373422
s102,7.3427802944538945,0.40625,0.0,-14.511319344606942
s103,7.62066365597366,0.0,0.4909090909090909,-15.020925908615382
s104,7.5884127634499805,0.215962441314554,0.3145539906103286,-15.570368497237661
s105,7.761686981590299,0.33035714285714285,0.0,-14.349318630421704
s106,5.7658892999170455,0.4383561643835616,0.0,-12.137425277982828
s107,9.163218304965826,0.03755868544600939,0.49295774647887325,-16.590534338052468
s108,9.145415223907584,0.0,0.46808510638297873,-17.002500834263568
s109,8.907344867310053,0.47619047619047616,0.0,-15.664747560737933
s110,7.187712979897188,0.44339622641509435,0.0,-14.314191185572804
s111,7.672978409935292,0.0,0.5967741935483871,-16.45030650736458
s112,6.603286769071715,0.3383458646616541,0.0,-13.387622590854814
s113,8.208139417897124,0.502127659574468,0.0,-14.336758925319566
s114,9.49068504573804,0.15217391304347827,0.30434782608695654,-16.09955695453763
s115,7.46439061657171,0.28717948717948716,0.18974358974358974,-15.469296527640996
s116,7.928727650609704,0.0,0.6183206106870229,-16.37830542970395
s117,9.124632999567014,0.0,0.3103448275862069,-16.748074845178248
s118,8.021885171121083,0.547945205479452,0.0,-15.236429377160482
s119,8.968830926922529,0.48514851485148514,0.0,-15.255413068865394
s120,7.277771579613969,0.11926605504587157,0.42201834862385323,-14.90045415348265
s121,9.490619311909677,0.0,0.4807692307692308,-17.09928581270984
s122,8.362283466244515,0.0,0.4878048780487805,-16.51833889258148
s123,7.947663967689638,0.004310344827586207,0.33189655172413796,-15.842198362515218
s124,7.500155537108027,0.36,0.0,-14.344208354507998
s125,7.676721295760406,0.0,0.5652173913043478,-16.96687428130489
s126,7.024408552307285,0.0,0.4714285714285714,-16.260318653429746
s127,6.79957313540777,0.5145631067961165,0.0,-14.44652906875201
s128,7.697800396812369,0.44086021505376344,0.0,-15.507576943667393
s129,7.533342927184101,0.3888888888888889,0.0,-14.374743190819109
s130,6.124502077904181,0.4380165289256198,0.0,-12.943955034890427
s131,6.337033222495729,0.4523809523809524,0.0,-13.687287259333992
s132,8.333642239874484,0.08144796380090498,0.4751131221719457,-16.348044640870107
s133,8.579601425612095,0.48717948717948717,0.0,-15.265773316302363
s134,6.9515156101541775,0.38636363636363635,0.0,-13.589072045413566
s135,6.698438838755101,0.5792682926829268,0.0,-12.515310431208313
s136,8.281968440787288,0.42857142857142855,0.0,-15.518250066327319
s137,5.665057747716694,0.3983739837398374,0.0,-12.515506683152273
s138,8.1125951006905,0.2205128205128205,0.26666666666666666,-15.151188127445035
s139,8.715718019493625,0.0,0.5352112676056338,-17.16590059353486
s140,8.53370788928809,0.4897959183673469,0.0,-15.172457686677614
s141,7.727405448227938,0.3333333333333333,0.12380952380952381,-15.152729791844921
s142,8.389591380956231,0.43575418994413406,0.0,-15.71494590073632
s143,6.224884257878246,0.39928057553956836,0.0,-13.172757648509512
s144,9.290205280403852,0.0,0.4632352941176471,-15.67547130773729
s145,9.792510171143572,0.0,0.4350282485875706,-17.17630807447705
s146,6.546579819570549,0.35331230283911674,0.0,-12.710630836176053
s147,8.089860798356693,0.5930232558139535,0.0,-14.164776041754184
s148,6.9081296459385735,0.34977578475336324,0.20179372197309417,-15.462836407156423
s149,6.851404144405834,0.42214532871972316,0.0,-13.082580507360127
s150,6.34487315278728,0.2783018867924528,0.0,-13.433506721335487
s151,7.969193585505869,0.5049019607843137,0.0,-15.36729547226238
s152,8.462080179948535,0.0,0.4536082474226804,-16.779441641259616
s153,9.21534390561452,0.4597156398104265,0.0,-15.389939540390086
s154,6.679636276886174,0.0,0.3543307086614173,-13.527805430564108
s155,9.381766813453464,0.0,0.4095238095238095,-16.95942368239437
s156,7.876232974733705,0.4734848484848485,0.14772727272727273,-14.219144140701761
s157,6.539948998671028,0.0,0.5535714285714286,-17.218073712859145
s158,6.241825264823305,0.3058823529411765,0.0,-13.066946568314426
s159,9.840996596660752,0.3371212121212121,0.2878787878787879,-16.105686445534644
s160,7.84276979935228,0.5348837209302325,0.0,-14.69958879574686
s161,7.267264865374984,0.3141592920353982,0.084070796460177,-13.97090813949345
s162,6.41263607107266,0.5238095238095238,0.0,-14.466783426764264
s163,6.832702694222424,0.6296296296296297,0.0,-13.695234210711831
s164,8.320800917846281,0.40476190476190477,0.11904761904761904,-15.295032222039637
s165,8.505863207497077,0.04128440366972477,0.5,-16.333212068455005
s166,7.956207279171495,0.41232227488151657,0.0,-14.895269547139513
s167,5.971986436857214,0.41832669322709165,0.0,-13.164119695802787
s168,8.276929850966233,0.453551912568306,0.0,-15.219941458672247
s169,9.188941833158308,0.0,0.36312849162011174,-16.46060855285067
s170,7.447677623786754,0.0,0.42585551330798477,-14.751385910906885
s171,6.821215751339451,0.3944954128440367,0.0,-14.131630786422615
s172,7.646914710507245,0.4358974358974359,0.0,-15.118872805478848
s173,6.915614748782852,0.0,0.5,-16.16800548598967
s174,7.908297007036147,0.0,0.3465346534653465,-15.89203754588484
s175,6.640260690888195,0.46296296296296297,0.0,-13.424925855231548
s176,9.633522562816404,0.5639097744360902,0.0,-14.661950300389028
s177,9.839773629507981,0.0,0.4528301886792453,-17.47555642548953
s178,7.876158930078242,0.5349794238683128,0.04938271604938271,-14.922077243742372
s179,8.997948156684945,0.0,0.38461538461538464,-15.187117452462386
s180,7.24283335996993,0.44776119402985076,0.05970149253731343,-14.932159777637674
s181,7.466392614394272,0.45161290322580644,0.0,-13.705843390079421
s182,7.324806503268224,0.0,0.35051546391752575,-14.161135288684848
s183,8.06975576833878,0.5588235294117647,0.07352941176470588,-13.929142002209655
s184,6.325507573825497,0.4143835616438356,0.0,-13.042550644309747
s185,7.909151322271386,0.5335968379446641,0.0,-14.29154097939297
s186,7.808092794731099,0.13736263736263737,0.3131868131868132,-15.853724808766573
s187,9.36294665994728,0.07731958762886598,0.4072164948453608,-16.56045021471009
s188,7.91256065925392,0.0,0.5892116182572614,-16.306748915297373
s189,6.534507077105577,0.3545816733067729,0.0,-13.39821218697675
s190,8.187426344359103,0.5238095238095238,0.0,-14.87586583272424
s191,8.13889560446888,0.0,0.6268656716417911,-16.208369323640035
s192,5.799175375307358,0.0,0.5067264573991032,-17.176198381582086
s193,6.378592476872269,0.46779661016949153,0.0,-12.844848328541334
s194,7.793716226450307,0.0,0.5594713656387665,-16.567944617650753
s195,8.640001599044416,0.12,0.38,-15.52220045334882
s196,6.720003856388139,0.38095238095238093,0.0,-13.480029818821032
s197,8.948887189458219,0.3755656108597285,0.0,-15.392688388428494
s198,8.31749762768357,0.0,0.4470046082949309,-16.370092303777266
s199,8.44146637637013,0.09649122807017543,0.43859649122807015,-16.443291634338372
s200,8.746260673324942,0.3288888888888889,0.22666666666666666,-15.6531156589674
s201,8.643864467706148,0.5614035087719298,0.0,-14.946000808343964
s202,9.520851579129097,0.0,0.5144230769230769,-17.23550588652722
s203,6.6481176575666,0.42857142857142855,0.0,-14.672594661848942
s204,6.935998042748493,0.3870967741935484,0.0,-13.366466702807527
s205,6.614226812951216,0.35537190082644626,0.0,-14.2915872659931
s206,6.730248098944498,0.0,0.3560606060606061,-14.12886778391386
s207,8.040232641411238,0.0,0.31521739130434784,-15.253885542808622
s208,7.373127857461314,0.27876106194690264,0.0,-13.840185532213942
s209,7.122440182172941,0.41203703703703703,0.0,-14.32024360363505
s210,6.550934933008384,0.3087557603686636,0.0,-13.685655847649421
s211,9.277255796315211,0.5155709342560554,0.13494809688581316,-14.809330472232583
s212,6.587840226849048,0.5290102389078498,0.0,-12.59867993081356
s213,8.654629935848208,0.0,0.4900990099009901,-17.268243945781183
s214,9.152718270182582,0.5509433962264151,0.0,-14.545383756915585
s215,7.24354958099894,0.2833333333333333,0.3,-14.652292983581637
s216,8.2243948686531,0.4336734693877551,0.0,-15.214206314136748
s217,8.433185292995233,0.0,0.345,-15.686352919245122
s218,6.552665752336344,0.46502057613168724,0.0,-13.275677670196515
s219,9.407502378462443,0.0,0.43820224719101125,-16.40816312041515
s220,7.9257739923693,0.5024154589371981,0.0,-15.156665779520491
s221,8.534475112530037,0.0,0.5575221238938053,-16.80342370915705
s222,8.234594865305676,0.4980392156862745,0.10980392156862745,-14.453200100962922
s223,7.880941375775051,0.46153846153846156,0.015384615384615385,-15.283124277201722
s224,6.472435325808795,0.49166666666666664,0.0,-13.856473919430254
s225,8.806473631375404,0.3004694835680751,0.0,-15.195127891340729
s226,5.250427025852626,0.3567251461988304,0.0,-12.121204167210362
s227,7.560609968829537,0.2868217054263566,0.32558139534883723,-15.262503146514627
s228,8.820696960954724,0.4238095238095238,0.1,-15.444988320328315
s229,6.713816846144905,0.5726495726495726,0.0,-14.25648540487167
s230,6.907125038995977,0.5910931174089069,0.0,-14.109553589024562
s231,7.532084138779509,0.47596153846153844,0.04326923076923077,-14.914384807081898
s232,10.845542104516554,0.0,0.4511627906976744,-17.424249986128427
s233,10.126535149097625,0.54337899543379,0.0,-15.831648301479017
s234,8.167152545352431,0.08333333333333333,0.4264705882352941,-16.382937019739295
s235,7.905523281283838,0.15422885572139303,0.3482587064676617,-16.275864900281675
s236,6.743515130003162,0.3397129186602871,0.0,-13.937751815934512
s237,6.247372820640849,0.0,0.588477366255144,-16.900817446963448
s238,8.393525756868973,0.0,0.49,-16.876446188185078
s239,6.7978321160644315,0.47183098591549294,0.0,-13.618730338875064
s240,6.125217604829666,0.3707482993197279,0.0,-12.735412915148489
s241,8.437110598657474,0.47,0.0,-15.14337202974105
s242,9.141191087255164,0.0,0.46808510638297873,-17.042142192887756
s243,7.110368496064047,0.37809187279151946,0.0,-13.212595248529556
s244,8.960639198071771,0.0,0.524390243902439,-15.939766218485014
s245,9.014600443360804,0.46236559139784944,0.0,-15.709386001092724
s246,7.721394778722777,0.6382252559726962,0.0,-13.361655003134484
s247,9.279167885286526,0.0,0.4444444444444444,-16.44511421590129
s248,8.06971491846373,0.5327102803738317,0.0,-14.727191175555017
s249,9.138638847890634,0.5867768595041323,0.0,-14.93538393947397
s250,9.177781611997807,0.0,0.5412844036697247,-17.22349336023687
s251,7.870394781824755,0.3103448275862069,0.0,-14.660258928895193
s252,8.770650867012092,0.5260663507109005,0.0,-15.052274716073299
s253,7.7716119296239565,0.5141509433962265,0.0,-14.624798352931334
s254,6.991295709983373,0.5655430711610487,0.0,-13.02879342694494
s255,6.448900498637139,0.38738738738738737,0.0,-13.773120184251924
s256,8.136758359683444,0.42342342342342343,0.0,-14.58251483105969
s257,8.044163037644523,0.5833333333333334,0.0,-14.521102804471981
s258,8.267362262057947,0.23076923076923078,0.22527472527472528,-15.468308016325539
s259,9.530213738450776,0.0,0.3062200956937799,-16.394068965078077
s260,6.90839340142443,0.519650655021834,0.0,-14.242092610901787
s261,6.798586307035871,0.32989690721649484,0.0,-14.199139971259342
s262,9.288654608145832,0.10112359550561797,0.33146067415730335,-16.154925642687214
s263,7.9046136491724255,0.4723404255319149,0.0,-14.279008154930674
s264,8.878267557007309,0.0,0.3206751054852321,-16.009481450448565
s265,7.78169884632239,0.0,0.444,-16.362392721151053
s266,6.989431802434295,0.3939393939393939,0.17316017316017315,-14.578445658379792
s267,8.061182480791835,0.0611353711790393,0.5021834061135371,-15.75409903109665
s268,5.673098856155892,0.36454849498327757,0.0,-12.27757272251924
s269,7.919308449877067,0.0,0.45161290322580644,-16.2270090036622
s270,8.93067144033036,0.4594594594594595,0.0,-15.464094448827357
s271,8.202529880757444,0.4652014652014652,0.1684981684981685,-14.228868876407178
s272,10.142806931232032,0.0,0.41836734693877553,-17.46656343532695
s273,7.742462231090613,0.46568627450980393,0.049019607843137254,-14.836853477354234
s274,8.71845326748473,0.325,0.25833333333333336,-15.359035057839836
s275,6.758060022913812,0.44274809160305345,0.0,-13.827406734991971
s276,7.20479540455593,0.504950495049505,0.0,-15.152275134917339
s277,7.2407885539207575,0.42083333333333334,0.0,-13.730964327803525
s278,7.732713927709626,0.4,0.0,-14.807082765249962
s279,6.8943158599474526,0.4567901234567901,0.0,-13.625157168284188
s280,7.251441304396424,0.0,0.4794520547945205,-16.487142649928664
s281,9.298944845690915,0.0,0.3150684931506849,-16.696652604553535
s282,7.403392232409992,0.3106796116504854,0.0,-14.379519062300238
s283,8.591867226752916,0.0,0.49458483754512633,-15.69054308092746
s284,7.4810451858758205,0.5,0.0,-14.082448616250934
s285,8.276906745695372,0.5275229357798165,0.0,-15.071188658863322
s286,6.8164786738474366,0.0,0.5665236051502146,-16.071671694037253
s287,8.454699283037474,0.43820224719101125,0.0,-15.215303104872119
s288,5.729929539429917,0.4521072796934866,0.0,-12.411134148095657
s289,9.176267726033526,0.26881720430107525,0.1989247311827957,-16.248046964232838
s290,7.541092158095853,0.0,0.3973509933774834,-15.287731607245455
s291,7.781618694960636,0.44808743169398907,0.0,-15.04225897760969
s292,8.886315439570353,0.0967741935483871,0.3655913978494624,-16.51062533511386
s293,7.898795859717912,0.4151624548736462,0.0,-14.11632155619445
s294,7.1279909633808405,0.28888888888888886,0.0,-14.593300087010924
s295,7.357514929176067,0.5138888888888888,0.0,-14.978919989284284
s296,8.754680400252976,0.0,0.4247787610619469,-16.35096107524269
s297,7.045816821790092,0.2744186046511628,0.0,-13.94044684088756
s298,6.748504292664543,0.5328185328185329,0.0,-13.906892812602464
s299,8.1682295479204,0.0,0.45622119815668205,-16.918799230723963
s300,7.568844809162906,0.0,0.40271493212669685,-14.947925653534291
s301,8.722642962546887,0.48878923766816146,0.0,-14.983053729142098
s302,9.059415660204463,0.0,0.38071065989847713,-16.880390876997872
s303,7.309740236243639,0.5348837209302325,0.0,-14.354356859842941
s304,6.656278208297028,0.35797665369649806,0.0,-13.507716396244316
s305,6.630881819028101,0.0,0.36875,-14.49460775327996
s306,8.3861845991494,0.3557692307692308,0.0,-14.718310194358057
s307,6.444901771340923,0.415929203539823,0.0,-13.448745495228456
s308,7.197390841054173,0.0,0.5638766519823789,-16.386181090063317
s309,5.929492224601515,0.3793103448275862,0.0,-12.79304785757977
s310,6.940414449799037,0.35443037974683544,0.22362869198312235,-14.690692985144915
s311,6.920999607261285,0.3940520446096654,0.0,-13.683137701518406
s312,8.252266885096375,0.07547169811320754,0.4528301886792453,-16.59858795839794
s313,6.372017013205046,0.30434782608695654,0.0,-13.305840082794447
s314,7.369033865428129,0.0,0.44755244755244755,-14.801893588240969
s315,9.291950472832553,0.2857142857142857,0.22167487684729065,-15.798089676570209
s316,7.005653338045511,0.48695652173913045,0.0,-14.091247915428184
s317,10.408908507193237,0.0,0.3333333333333333,-16.738430592999443
s318,7.074008304038459,0.25112107623318386,0.30493273542600896,-15.533605561276042
s319,6.552373721340865,0.2757201646090535,0.31275720164609055,-14.420710047560508
s320,7.727734298255436,0.0,0.6104868913857678,-16.5217386871527
s321,8.611383655345886,0.0,0.5063291139240507,-15.466782840731575
s322,6.042793889490908,0.42671009771986973,0.0,-12.608099184290216
s323,9.508743222439017,0.0,0.4528301886792453,-17.125575669663046
s324,7.912366987098065,0.425531914893617,0.0,-15.276671937556603
s325,7.87733758476188,0.3076923076923077,0.0,-14.623809084823248
s326,8.470634370388495,0.3333333333333333,0.2846441947565543,-14.941192281235242
s327,9.172019619121611,0.4752851711026616,0.1482889733840304,-15.043675981324313
s328,7.596000342098184,0.3939393939393939,0.22727272727272727,-14.207355666357248
s329,8.21306886132908,0.0,0.2775330396475771,-14.960794775526415
s330,7.82683774124063,0.0,0.36254980079681276,-15.789881470754484
s331,7.527158850146676,0.48717948717948717,0.0,-13.911807552932364
s332,7.703333139420747,0.34285714285714286,0.0,-14.287794354305653
s333,7.933721737534466,0.0,0.6621621621621622,-16.150439904794627
s334,7.188393300762235,0.3018867924528302,0.0,-14.24218739063992
s335,6.859933586787644,0.6296296296296297,0.0,-13.954858732482444
s336,7.760654861780857,0.6226415094339622,0.0,-13.760167000741086
s337,8.475747430421777,0.0,0.621160409556314,-16.615375774836615
s338,7.638070685064786,0.5269709543568465,0.0,-14.069173300074045
s339,8.1224582460516,0.40808823529411764,0.22426470588235295,-14.40015264581368
s340,7.717275084186167,0.0,0.3017241379310345,-14.489713136464472
s341,8.593537090705233,0.0,0.4975124378109453,-17.048234864641813
s342,8.110773733155243,0.6470588235294118,0.0,-13.786980052768227
s343,6.079270586999654,0.39357429718875503,0.0,-12.82187662277631
s344,8.557782774232033,0.0,0.5271966527196653,-16.04444874790081
s345,7.924144160269485,0.0,0.5067873303167421,-16.51729679491657
s346,7.248541491515182,0.3545816733067729,0.0,-13.664982061690036
s347,6.930818671281991,0.46956521739130436,0.0,-14.169201322553004
s348,6.794959143936325,0.0,0.6108949416342413,-16.550532435504035
s349,7.284750641045562,0.3076923076923077,0.0,-14.360895180945805
s350,6.663519745514736,0.47368421052631576,0.0,-13.284576510122278
s351,8.512129981744364,0.5151515151515151,0.0,-14.663533387059152
s352,7.721505815810622,0.4666666666666667,0.0,-13.804944336931404
s353,8.751736191002196,0.25125628140703515,0.19095477386934673,-15.840397161102869
s354,6.217395845334911,0.36555891238670696,0.04833836858006042,-12.858940646380331
s355,8.323306621275213,0.0,0.50187265917603,-15.826099687057459
s356,9.047137982578803,0.0,0.5043103448275862,-16.768214020796282
s357,6.848837355080171,0.5850622406639004,0.0,-13.715382748871486
s358,8.1192010415586,0.3684210526315789,0.0,-15.020194860561023
s359,6.418265162131758,0.3574007220216607,0.0,-13.09300572816658
s360,6.620669306778614,0.448559670781893,0.0,-13.327596748054537
s361,8.778951918428461,0.4339622641509434,0.0,-15.077859129167424
s362,5.934472285960198,0.3220338983050847,0.0,-12.87159809181426
s363,9.493988803345836,0.0,0.37089201877934275,-16.57712579031443
s364,8.161047445680934,0.5622317596566524,0.0,-14.76732359161688
s365,5.926861909072736,0.3333333333333333,0.0,-12.767623840287921
s366,9.366972015961432,0.5196078431372549,0.0,-15.578120770079465
s367,9.3727631322252,0.0,0.37272727272727274,-16.432119373386442
s368,7.938991167484299,0.0,0.46411483253588515,-15.87808942619374
s369,8.059705699711495,0.673202614379085,0.0,-13.345097504180268
s370,6.068468111134001,0.5686274509803921,0.0,-13.897416356486294
s371,5.936007547918428,0.4632768361581921,0.0,-12.24387315119496
s372,8.024007697105988,0.4672131147540984,0.12295081967213115,-14.390317706252603
s373,8.221379281247088,0.0,0.5725806451612904,-16.35455326754398
s374,9.462123122270452,0.0,0.42105263157894735,-16.566037652260245
s375,9.029299524210273,0.0,0.5614035087719298,-17.025742876005847
s376,7.409075999391759,0.0,0.36257309941520466,-14.209678581752172
s377,7.01680815533494,0.4924812030075188,0.0,-13.355197323219073
s378,6.142600229462223,0.27927927927927926,0.0,-13.12943052714917
s379,8.573372202849674,0.441340782122905,0.0,-15.738427313888364
s380,8.868996540080058,0.5702127659574469,0.0,-14.831233544663672
s381,7.981370253273373,0.19924812030075187,0.40225563909774437,-15.340084878379164
s382,9.487143068480055,0.0,0.3709677419354839,-16.16955683505209
s383,7.036183723542369,0.6094276094276094,0.0,-13.0243596093534
s384,6.725591355516808,0.0,0.5434782608695652,-15.502941408563634
s385,7.069134196012672,0.0,0.36324786324786323,-14.622555005099418
s386,6.599616405967378,0.47280334728033474,0.0,-13.546943418984505
s387,8.402005322516452,0.0,0.45893719806763283,-16.485043935502315
s388,8.831235122137072,0.0,0.3333333333333333,-16.35539967920453
s389,8.112710918624135,0.3076923076923077,0.2398190045248869,-14.86753558001227
s390,7.075054899303263,0.5035971223021583,0.0,-13.714385380089645
s391,10.835215667148816,0.0,0.5798319327731093,-18.274012077722706
s392,8.639284952951368,0.0,0.39416058394160586,-14.960524584731436
s393,8.187661597223277,0.0,0.5333333333333333,-15.859602989063347
s394,7.533410495508531,0.23655913978494625,0.22580645161290322,-14.887745578236753
s395,8.086186526433648,0.292817679558011,0.15469613259668508,-15.770686153640652
s396,8.3188176285362,0.3712871287128713,0.0,-14.830799329907792
s397,6.053447504961093,0.48444444444444446,0.0,-14.203853373664831
s398,8.575793719359542,0.0,0.47643979057591623,-16.58928924334047
s399,7.539727431077754,0.4251968503937008,0.0,-13.881290399319873
s400,5.7135654179853805,0.0,0.31679389312977096,-12.815921954523729
s401,8.562067576269989,0.4897959183673469,0.0,-15.126822709623765
s402,8.936960046647913,0.0,0.48717948717948717,-16.775805352871817
s403,8.231611151560212,0.08444444444444445,0.4666666666666667,-15.929270403029836
s404,7.071407416805357,0.3157894736842105,0.24561403508771928,-16.163739048867672
s405,7.590391965396407,0.4811715481171548,0.0,-15.020746505508077
s406,7.881837397415391,0.4345991561181435,0.0,-14.149776429506344
s407,8.303250945500546,0.0,0.5689655172413793,-16.55219633009565
s408,7.009104660648128,0.3723849372384937,0.0,-13.76243011238371
s409,6.147217409173023,0.36538461538461536,0.0,-12.999981584707108
s410,7.175955999948192,0.6156351791530945,0.0,-12.875468817863656
s411,7.971449259276857,0.315,0.185,-15.15776876104137
s412,7.083395943222082,0.5907590759075908,0.0,-13.10216228524447
s413,8.842278764499476,0.10599078341013825,0.43317972350230416,-17.118158062738143
s414,8.236521274664716,0.03,0.47,-16.449885987479618
s415,6.7117906016954025,0.0,0.4122448979591837,-16.195538799176283
s416,8.681343376413128,0.0,0.49537037037037035,-16.70132919253141
s417,8.941667701263434,0.0,0.4627831715210356,-15.461295711447137
s418,6.695075616501306,0.39759036144578314,0.0,-13.608991810905726
s419,9.400885827376655,0.5050505050505051,0.0,-15.764015530913088
s420,8.56267655357616,0.2236842105263158,0.33771929824561403,-15.726853939781085
s421,8.185941305386338,0.0,0.5636363636363636,-16.120005107931085
s422,8.964835207883675,0.0,0.31496062992125984,-16.094045344775683
s423,8.302673349254253,0.3888888888888889,0.0,-15.19895534547688
s424,9.814316355347884,0.2074688796680498,0.36929460580912865,-16.321643099375063
s425,7.885793734445041,0.37383177570093457,0.0,-14.445660568326458
s426,8.48100445738979,0.0,0.3320754716981132,-15.922077117367534
s427,7.795226665384871,0.0,0.5951417004048583,-16.52858363203112
s428,8.398797377583982,0.0,0.5145631067961165,-16.762439519471602
s429,7.1861389277472085,0.0,0.3483606557377049,-15.397882321615278
s430,6.833960646636928,0.5874587458745875,0.0,-12.861679513625122
s431,7.390457516217788,0.4026548672566372,0.0,-14.53473211914181
s432,7.999776892933866,0.0,0.41025641025641024,-16.367333318624784
s433,5.862579461554933,0.4729241877256318,0.0,-12.62474385020636
s434,8.680187023727038,0.0,0.35911602209944754,-15.712908106564743
s435,7.693979014707818,0.16853932584269662,0.2696629213483146,-15.120444901777692
s436,8.44638016337182,0.0,0.5391304347826087,-16.85711603759757
s437,6.191980467582499,0.41626794258373206,0.0,-14.024577644973627
s438,7.169823420919183,0.34297520661157027,0.0,-13.732120498510183
s439,8.135966616832388,0.5652173913043478,0.0,-14.601727322662068
s440,8.56895425825106,0.3446327683615819,0.0,-15.174823956292848
s441,5.380576461324928,0.3333333333333333,0.0,-12.178123940699006
s442,7.5785565571707725,0.46236559139784944,0.0,-13.513364342274873
s443,8.319986488357083,0.0,0.37438423645320196,-16.19423709573005
s444,9.234524663484683,0.0,0.4305555555555556,-16.76731171959576
s445,6.336929161014193,0.3925233644859813,0.0,-14.017705466790309
s446,8.404289319354383,0.5665236051502146,0.0,-14.645847612115329
s447,7.540405188935314,0.4978540772532189,0.0,-14.914353587340358
s448,9.51771592331136,0.0,0.3492063492063492,-16.650923450444992
s449,9.462405588097198,0.0,0.4691358024691358,-16.67139557466283
s450,8.153041674506058,0.5263157894736842,0.02631578947368421,-14.812105482189734
s451,9.329126622336883,0.0,0.32669322709163345,-16.31743950609136
s452,9.129486362202154,0.5402298850574713,0.0,-14.432999719123176
s453,7.295585150786962,0.022988505747126436,0.5938697318007663,-16.120129134909604
s454,6.858125579919541,0.35294117647058826,0.0,-14.138495812422846
s455,7.63014561251715,0.3953488372093023,0.0,-15.070496283722601
s456,6.870587408604186,0.4880546075085324,0.0,-13.221570770169883
s457,8.70930330760137,0.16091954022988506,0.26436781609195403,-16.076941717666298
s458,9.432110957558056,0.0,0.41708542713567837,-17.064028865789197
s459,8.432831779525623,0.5850622406639004,0.0,-14.47080446629908
s460,9.814185151987173,0.0,0.3463414634146341,-16.907062843132522
s461,10.586220950713237,0.03208556149732621,0.42780748663101603,-17.720513140138824
s462,7.495723317588676,0.6179775280898876,0.0,-14.132232360435024
s463,7.609833785681915,0.36923076923076925,0.11794871794871795,-15.354207614457918
s464,7.8907853501040455,0.4700854700854701,0.0,-14.58200954714616
s465,8.101716901858527,0.0,0.39574468085106385,-16.38994424372458
s466,8.50395790105017,0.0,0.3333333333333333,-16.234860483405697
s467,8.77687210592895,0.36929460580912865,0.11618257261410789,-15.074370916844487
s468,8.296251474093141,0.0,0.40969162995594716,-15.379921130235381
s469,8.135421989210137,0.0,0.5373831775700935,-16.88831688844773
s470,5.618320881130678,0.34210526315789475,0.0,-12.469059364951253
s471,8.569573447482325,0.3615023474178404,0.17370892018779344,-15.604708333985707
s472,6.072046890032473,0.38620689655172413,0.0,-12.587198157999234
s473,7.830447389920017,0.4594594594594595,0.09009009009009009,-15.74141284760104
s474,7.469243490056481,0.5584905660377358,0.0,-14.195033486290571
s475,8.318149001458778,0.0,0.28095238095238095,-15.206459644103566
s476,6.22292265589393,0.0,0.3824561403508772,-13.642112910085508
s477,8.21719896144907,0.0,0.44751381215469616,-16.22440908019061
s478,7.878548338253153,0.5271966527196653,0.0,-14.506589757247223
s479,8.471117653727315,0.0,0.6313868613138686,-16.61904461415436
s480,8.78893193346355,0.40487804878048783,0.0,-14.92790201790967
s481,7.201552827553867,0.291866028708134,0.07655502392344497,-14.205222050490592
s482,9.025684771327004,0.0,0.504950495049505,-16.707107387676363
s483,7.451959091409009,0.0,0.5231316725978647,-15.906854784202357
s484,7.406391163480201,0.5,0.0,-13.634144993741474
s485,8.642506290346587,0.0,0.5169082125603864,-16.53312124543369
s486,7.287383935444625,0.4942528735632184,0.0,-13.699166910948247
s487,6.549497435575381,0.3925233644859813,0.0,-14.168601206888912
s488,8.939559772053034,0.14457831325301204,0.357429718875502,-15.6771536474037
s489,8.089270018649804,0.5551181102362205,0.0,-14.06303277722796
s490,6.103634610389383,0.0,0.2676056338028169,-13.595703233311445
s491,6.4284596943592,0.5627705627705628,0.0,-14.455743679695235
s492,6.775298853558021,0.5738831615120275,0.0,-12.780354030656657
s493,7.161099660211799,0.4051724137931034,0.0,-13.82187883962455
s494,7.641040789468175,0.043689320388349516,0.470873786407767,-15.386510671063727
s495,6.021639983361159,0.3755274261603376,0.0,-13.001751003056436
s496,7.479629559152682,0.4649122807017544,0.0,-14.066710797546767
s497,9.12100858724063,0.0,0.5,-16.563492489540717
s498,5.870774786302587,0.32567049808429116,0.0,-12.8931122552177
s499,9.939336331759584,0.0,0.3701657458563536,-17.034915816349145
s500,6.220668732584718,0.3619402985074627,0.0,-12.890980347006165
